/****************************************************************************
** Resource object code
**
** Created by: The Resource Compiler for Qt version 6.11.1
**
** WARNING! All changes made in this file will be lost!
*****************************************************************************/

#ifdef _MSC_VER
// disable informational message "function ... selected for automatic inline expansion"
#pragma warning (disable: 4711)
#endif

static const unsigned char qt_resource_data[] = {
  // sketch_rectangle_center.svg
  0x0,0x0,0x4,0xf6,
  0x28,
  0xb5,0x2f,0xfd,0x60,0x32,0x12,0x65,0x27,0x0,0x36,0xbb,0xab,0x24,0x10,0x6f,0xf3,
  0x33,0x11,0x15,0x2d,0xfa,0xa3,0x5a,0xfe,0x17,0xfd,0x2f,0x2,0x8c,0x9c,0xd,0x4f,
  0xec,0xc,0x54,0x15,0x1d,0x72,0x67,0x42,0x9f,0xe4,0xe2,0x0,0x0,0x18,0x1,0x85,
  0x3,0xad,0x0,0xa1,0x0,0xa2,0x0,0xbe,0x16,0x24,0x16,0x1c,0xdb,0x4e,0xcc,0x3e,
  0xd6,0xc9,0x13,0xac,0x99,0x43,0x5b,0xa7,0x91,0x68,0xc5,0x3c,0xf4,0xc4,0xb2,0xdd,
  0x93,0x75,0x2a,0xac,0x4,0x39,0x36,0x57,0x44,0xce,0xb6,0x10,0x1b,0x69,0x26,0x7,
  0xd7,0x87,0x44,0xf,0xb8,0x5f,0xd0,0x17,0x6c,0xde,0x16,0x82,0xf7,0xc8,0xe6,0xde,
  0x23,0xb0,0x34,0xf6,0x1e,0x8a,0xa9,0xf7,0x25,0x6b,0xbf,0xf8,0xe2,0x8a,0xb9,0xc0,
  0x9,0x15,0x7b,0x29,0x3b,0x82,0xae,0x8d,0xd4,0x7c,0x8a,0x89,0x76,0x5d,0x96,0x6,
  0x44,0xd1,0x6,0x8d,0xc6,0xc1,0x5a,0xcb,0x80,0x3,0xca,0x98,0x5d,0x56,0xa9,0x54,
  0x1c,0x8e,0x87,0x64,0xef,0x48,0x60,0xb1,0x92,0xc6,0xd1,0x90,0xe9,0x61,0x89,0xf6,
  0xad,0x2c,0xd5,0xee,0xc6,0x66,0x85,0x65,0x2d,0x0,0x83,0xc6,0x1,0x82,0xc2,0x93,
  0x62,0xec,0x84,0xa5,0xa6,0x4e,0xcd,0xd6,0x8b,0x9a,0x8b,0x41,0x62,0x42,0x31,0xd0,
  0x74,0x2b,0x76,0x26,0xbb,0x28,0x67,0xaf,0x98,0x9,0x5f,0x9d,0x2d,0x65,0x91,0x22,
  0x17,0x8,0x6,0x1,0xcc,0x76,0xec,0xf3,0xd8,0x15,0x6d,0xfd,0xd8,0xea,0x70,0x2c,
  0xca,0x6a,0xa9,0x79,0x20,0xe,0x96,0xe2,0x22,0xf0,0xe6,0x66,0xac,0xa6,0x8b,0xed,
  0xd9,0xcb,0x46,0x30,0xa3,0x73,0x67,0xb4,0xed,0xab,0xf1,0x2b,0x26,0x5b,0x8c,0x46,
  0xca,0x79,0xa2,0x98,0x6a,0x33,0x6e,0xe4,0x5e,0x34,0x91,0xb9,0xda,0x5f,0xc8,0xf7,
  0xf7,0x46,0x7f,0x55,0x70,0x9d,0x6e,0x85,0x3e,0xa5,0x31,0x32,0xfa,0xef,0x5e,0x46,
  0xc7,0x9a,0x73,0x5c,0x93,0xf1,0x23,0xfb,0x57,0x4c,0x4,0xe3,0xc,0x3b,0xc9,0xdb,
  0xd6,0x3b,0x81,0x22,0x11,0xc5,0xe8,0x7d,0xa7,0xc9,0xda,0x93,0x8d,0x4c,0x1c,0xfc,
  0x15,0xa2,0x6d,0xcd,0xd,0xb6,0xc8,0x16,0xe2,0xd8,0xc8,0xf1,0xa6,0x98,0xa,0xae,
  0x4d,0xa4,0x2b,0x38,0xd2,0xb0,0x31,0x57,0xc,0xc6,0xbe,0xd8,0xb3,0xad,0x19,0x5b,
  0x3c,0x1,0x8a,0xc9,0x58,0xc2,0x8e,0x85,0x1a,0x89,0xfa,0x6a,0x70,0xe0,0x70,0xf7,
  0xe6,0x2a,0x75,0x57,0x16,0xec,0x51,0x77,0x31,0xb2,0xf6,0xb,0xc5,0x32,0xe3,0xa3,
  0xce,0x9c,0xe0,0xe3,0x7c,0x50,0x36,0xf6,0x4b,0xc4,0x47,0xe8,0x8d,0x32,0xc7,0x68,
  0x72,0x6e,0x22,0xdd,0xd4,0xc8,0xdc,0xe3,0x4a,0xd9,0xee,0x1b,0x69,0xcc,0x1f,0xaf,
  0x42,0xe9,0xc4,0x80,0x87,0x85,0xe0,0x6c,0x27,0x3c,0x3d,0x24,0xe9,0x3e,0xd,0xaa,
  0xb6,0xe2,0x88,0x64,0x82,0x33,0x4,0xa1,0x18,0xc9,0x5a,0x34,0xd,0xe8,0x19,0x9c,
  0xbf,0xa0,0x5f,0xe8,0x66,0xbc,0x28,0x84,0x54,0x4a,0x6,0x9f,0xbe,0xf9,0xd8,0x3b,
  0xc5,0x64,0xf8,0xa4,0x8c,0x52,0xea,0x9e,0xfb,0xf6,0xcb,0x63,0x89,0x12,0xfe,0x3b,
  0x7b,0x6d,0x55,0x48,0x28,0xd5,0x61,0x6c,0x4b,0xb9,0x12,0xc7,0x6c,0xdb,0xea,0xe7,
  0xc1,0xaa,0xe0,0x1f,0x5,0x8f,0x85,0xb1,0x25,0x78,0xab,0xd9,0x22,0x67,0x37,0x15,
  0x5d,0x9b,0xdc,0x90,0x1b,0x3b,0x5d,0xe9,0x9b,0x95,0x48,0x56,0xb2,0xb8,0xfa,0x52,
  0x2a,0xb4,0xc3,0xf9,0x4a,0xb4,0xa,0x8d,0x3,0x88,0xa2,0x1d,0x6,0xd2,0xc9,0xf7,
  0xa7,0xec,0xdd,0xbb,0xe8,0xce,0xfc,0xe5,0x82,0x6e,0x4a,0x9,0x9f,0xbd,0xd6,0x1c,
  0x84,0x13,0x32,0x18,0x9f,0xd3,0xf9,0xd3,0x67,0xfc,0xe7,0x58,0x73,0x90,0x4a,0x28,
  0x9b,0xf3,0x4,0x38,0x4a,0x1f,0x3a,0x73,0x8a,0xc1,0x70,0x48,0xfd,0x3d,0x6b,0x8a,
  0xb9,0x78,0x28,0xa1,0x4f,0xe6,0x9c,0x83,0xef,0x8d,0xd1,0xf7,0x68,0x31,0xdf,0xcd,
  0x96,0xa1,0x97,0xf4,0x45,0xf7,0x28,0x85,0x8e,0x7d,0x73,0x8d,0x3e,0x2a,0x27,0x94,
  0x92,0xcd,0x5f,0xd3,0x39,0x18,0xe7,0xcf,0xa7,0xcf,0xe2,0x5c,0xf2,0xa9,0xbb,0x8c,
  0x50,0x4a,0x77,0xff,0xf3,0x4d,0x87,0x85,0x42,0x1a,0xdd,0x13,0xbc,0x38,0xe7,0xc7,
  0xd6,0x16,0x5d,0x8f,0xc6,0xf6,0xe8,0x73,0xf6,0xbf,0xa2,0x7c,0xef,0x3d,0x95,0x4c,
  0xc6,0x25,0xfd,0xfd,0xcb,0x7,0xe3,0x73,0xe,0x6,0x80,0xfc,0xa8,0x41,0x2d,0x33,
  0x8,0xcd,0x8c,0x69,0x92,0x24,0xcb,0x66,0x40,0x84,0x90,0x52,0x65,0xab,0xe,0x22,
  0x89,0x38,0x84,0x82,0x38,0xc6,0x90,0x31,0x44,0x29,0x23,0x23,0x33,0x13,0x24,0x29,
  0x29,0x9f,0xa4,0xa0,0x3,0xd9,0x28,0xb8,0xec,0xb7,0xc6,0x3d,0xd1,0x2c,0x47,0x19,
  0x6c,0x46,0x51,0xa7,0xa9,0x33,0xf2,0x93,0x15,0x41,0x94,0x7d,0x6d,0xce,0x22,0x80,
  0x39,0x3a,0x6b,0x3,0xc5,0xc,0x4f,0xf2,0x48,0x26,0x33,0xdd,0x66,0x69,0x9f,0xc9,
  0xe,0x70,0x1c,0x64,0x60,0x25,0xc7,0x54,0xc8,0xba,0xe3,0x87,0xe2,0x11,0xfa,0x52,
  0x46,0x45,0x8f,0x7,0xdc,0x3f,0x46,0xc7,0x5a,0xd8,0x48,0x62,0x38,0x5f,0x59,0x22,
  0x2f,0x2,0x9e,0xb6,0xdc,0xa8,0x5a,0x4e,0x55,0x35,0xd,0x60,0xc3,0x5c,0x4d,0xd8,
  0xb5,0x6f,0xc5,0xd6,0x53,0x4d,0x57,0xd5,0x3e,0x8,0x57,0xfc,0xf8,0x99,0xaa,0x1a,
  0x96,0xc0,0xdb,0xe2,0xbd,0x30,0xe5,0xda,0x4d,0x77,0xfa,0xb2,0xca,0xe5,0xe5,0x23,
  0xd8,0x72,0x5a,0xa1,0x75,0xfd,0xd0,0x6d,0x73,0x15,0xbd,0xaa,0x45,0x8c,0x80,0xa1,
  0x6a,0x56,0xca,0x79,0xd4,0x63,0x25,0x3d,0x1d,0x8c,0x6c,0xa7,0x6d,0xc2,0xb6,0x85,
  0x9f,0x1f,0xe1,0xce,0x10,0xa6,0xe1,0xd3,0x3,0xd4,0x6a,0x50,0x8,0xc4,0x6,0x2f,
  0x3,0x1f,0xa2,0x9b,0x5,0x32,0xf0,0x80,0x4d,0xa1,0x62,0xf6,0xe8,0x8d,0x44,0xac,
  0x8,0x6d,0x26,0x73,0x89,0x30,0x11,0x6d,0xfe,0xdd,0x9d,0xa3,0x66,0xb0,0xf5,0xf8,
  0x73,0xee,0x2,0x9e,0x63,0xc,0xd7,0xbf,0x28,0xe6,0x69,0x39,0xe0,0xc4,0x2,0x69,
  0x50,0x66,0xee,0xcf,0x22,0xfc,0xa0,0x3b,0x42,0x13,0x55,0xfb,0x7,0x8c,0x7f,0xf5,
  0x9d,0x7d,0x5b,0x2d,0x2f,0x3b,0x7a,0xa2,0x38,0xe1,0xe6,0x47,0x19,0xa3,0x37,0x33,
  0x6b,0xae,0x92,0xf2,0x1a,0xea,0x67,0x36,0xaa,0xf1,0x15,0xde,0x50,0xd8,0xe4,0xdb,
  0x81,0x1c,0xc6,0x18,0x76,0x4,0xd9,0x74,0xfc,0xf,0xc1,0x47,0xc3,0xa0,0x3f,0xc1,
  0x4f,0x6a,0x71,0xb3,0x71,0x41,0x4,0x4,0xfa,0xd1,0xb8,0x51,0xe9,0xda,0x31,0xf9,
  0x8f,0x97,0xf,0x43,0x96,0x6d,0xd8,0x2,0x61,0x1a,0x67,0x8,0xad,0x49,0xc6,0xe1,
  0x40,0x3,0x8e,0x9b,0xcb,0x6b,0xaf,0x1f,0x7,0xec,0x5d,0xc7,0xa,0xc7,0x5c,0x11,
  0xcb,0x35,0x7a,0x75,0x21,0xd1,0x30,0x28,0x2a,0x9,0xa7,0x77,0xf4,0x29,0x61,0x55,
  0xda,0xd2,0xe1,0x54,0xfa,0xa3,0x3e,0x38,0xf2,0x39,0xd4,0x40,0x89,0xf5,0x62,0xc8,
  0xc5,0x32,0x6a,0x44,0x6c,0x62,0x59,0x21,0xf1,0x7e,0xed,0xc4,0x30,0x7a,0x20,0x2e,
  0xa6,0xf1,0xc8,0x94,0x47,0x15,0x83,0xc0,0x49,0x2c,0x9,0x51,0x8d,0x3,0xaa,0x55,
  0xbb,0xf2,0x44,0x73,0xe2,0xd,0x23,0xb2,0xa8,0xa8,0x8,0x41,0x31,0x52,0x9c,0x80,
  0x2,0x8c,0x5,0x3e,0x4f,0x1a,0x8d,0x8b,0x5c,0xd0,0x76,0xa4,0x1,0x2f,0xb7,0x6e,
  0x32,0xfb,0x1,0xb,0x7c,0x6f,0xbc,0xc5,0x3d,0x27,0x87,0x3,0x50,0x1a,0x4,0x18,
  0xa,0x64,0x1,0xf9,0xdf,0x10,0x8b,0x37,0x43,0x3,0x82,0x1b,0xec,0xb6,0x13,0xea,
  0x6,0x36,0x9d,0x5d,0x6f,0x40,0x1,0x95,0x28,0x41,0x6d,0x8c,0x2c,0x9,0x25,0xf2,
  0x2e,0xc7,0xa0,0xba,0x1b,0x1f,0xf9,0x80,0x2e,0xb,0xda,0x94,0x35,0x31,0xed,0x6,
  0xaa,0x65,0x2f,0x40,0x28,0xa7,0x53,0xbd,0x8b,0xb9,0xca,0x22,0xc5,0x53,0x63,0xc1,
  0xd9,0xae,0x13,0xea,0xf3,0x12,0x73,0x1c,0x43,0xcc,0x54,0x1e,0x17,0x4a,0x39,0xef,
  0xfe,0xf,0x51,0xaa,0xa,
    // sketch_select.svg
  0x0,0x0,0x5,0x63,
  0x28,
  0xb5,0x2f,0xfd,0x60,0xaa,0x12,0xcd,0x2a,0x0,0x7a,0x41,0xbc,0xb,0x27,0x10,0x6b,
  0x36,0xf,0x31,0x1a,0x15,0x2d,0xfa,0xf1,0x6d,0xff,0x8b,0xbc,0xa7,0x70,0xc2,0x20,
  0x2d,0x5d,0x6d,0x2d,0x39,0xff,0x30,0x74,0x68,0xb7,0x24,0xd9,0x36,0x1b,0x34,0x9e,
  0x0,0x0,0x22,0x0,0x70,0xbe,0x0,0xb3,0x0,0xac,0x0,0xb6,0x66,0xec,0xc0,0x20,
  0xa8,0x24,0xe3,0x7,0x2f,0xb6,0x51,0x1a,0xca,0x2b,0x43,0xc3,0xa2,0xb5,0xf6,0xe,
  0x52,0x77,0x65,0x6d,0x11,0x58,0x40,0x60,0xb1,0x6d,0xc4,0x2c,0x63,0x97,0xec,0xc0,
  0x9a,0x2d,0xb4,0x5d,0x94,0x86,0x66,0xe8,0x88,0xed,0xc5,0x3e,0x56,0x3f,0x70,0x96,
  0x6d,0x1f,0x2c,0xa4,0x44,0xb,0xae,0x8c,0x86,0x56,0x70,0xbe,0x60,0x5b,0xf0,0xdb,
  0x27,0xc5,0x63,0xe4,0xbb,0xc7,0x24,0xa4,0x67,0x8f,0xa1,0x92,0x7a,0x5d,0xb2,0xf7,
  0xd4,0x52,0x53,0x9,0x4,0x16,0x0,0xb1,0xf7,0xb1,0x9d,0xe6,0x5a,0x47,0xcd,0xa7,
  0x12,0x67,0xd7,0x94,0x12,0xcd,0x43,0x33,0x24,0x12,0xd,0x6b,0x25,0x85,0x45,0x93,
  0x31,0xbb,0xc,0x2,0x81,0x2c,0x16,0x8c,0xc6,0xde,0x4e,0x42,0xb2,0xd,0x65,0xd1,
  0xf,0x11,0x82,0xe4,0xec,0xb,0x49,0xd5,0x6e,0xc5,0xe6,0x1,0x69,0x2d,0x0,0xc,
  0x89,0x86,0x0,0xa,0x47,0x2a,0xb1,0x11,0x7e,0x94,0x1a,0x29,0x5b,0x27,0x35,0x57,
  0x81,0x5,0xc,0x54,0xd2,0x44,0xb7,0xe2,0x25,0xb2,0x49,0x35,0xe6,0x2a,0x89,0xf0,
  0xd5,0xd9,0x3e,0xd2,0x3,0x41,0x4,0x60,0x8,0xdb,0x3e,0x6e,0x63,0x31,0x7f,0x5b,
  0xcd,0x30,0x58,0x2d,0x38,0x63,0x81,0xb1,0x22,0xbb,0x81,0xf7,0x7c,0x67,0xd9,0xa,
  0x44,0x57,0x25,0x1b,0xc8,0x8a,0x8d,0xee,0xe3,0x6f,0x1b,0x8f,0x7d,0x1c,0xae,0xbe,
  0x8f,0x7,0xda,0xe1,0x7c,0x1b,0x7b,0xb1,0xc,0x63,0x97,0xb3,0x35,0x63,0xeb,0x62,
  0x91,0x94,0xd5,0x8f,0xc2,0x3c,0x2c,0xf8,0x89,0x4b,0xd1,0x94,0x9b,0xb1,0x9a,0x2e,
  0xbe,0x33,0x97,0xaf,0x98,0xd1,0xb5,0xc6,0xe8,0xef,0xab,0xb1,0xab,0x24,0xdb,0x88,
  0xf2,0xe4,0xec,0xa8,0x36,0xe2,0x42,0x17,0x42,0x81,0xe6,0x7a,0x87,0x90,0xde,0xbc,
  0x3d,0xf5,0x5,0xc1,0x35,0xba,0x90,0xe7,0xef,0xe0,0x63,0x1f,0x91,0x6d,0xd2,0x49,
  0x1b,0x73,0x8b,0x47,0x37,0xdb,0x64,0x50,0x25,0x10,0xc6,0x11,0xd6,0x91,0xb7,0xad,
  0xd7,0xd1,0x40,0x90,0x4a,0xf4,0xbe,0x91,0x63,0xed,0xc8,0x42,0x8e,0x5,0x7b,0x7d,
  0xd0,0xb6,0x66,0x5,0x3b,0x64,0xfb,0xb0,0x58,0x67,0x69,0xaf,0x12,0x8,0xae,0x8a,
  0xa3,0x21,0xd8,0xd1,0xf0,0x59,0x53,0x49,0x64,0x5f,0xdc,0x72,0x14,0xd2,0xe8,0x5c,
  0xf1,0xe2,0x9c,0x1e,0xff,0x17,0x5d,0x8f,0xc6,0x7f,0xf4,0x35,0xe6,0xbe,0xa2,0x7c,
  0xef,0x39,0x95,0x4c,0xc6,0x25,0xdb,0x73,0x97,0xf,0xc6,0xe7,0x1c,0x64,0x8f,0x36,
  0x17,0x23,0x7b,0x4f,0xd,0xd2,0x8c,0x8f,0xd2,0x37,0x1b,0x6b,0xa,0x8f,0xf3,0x41,
  0xf9,0xcc,0x93,0x2,0x8f,0xb0,0x3d,0x65,0x2d,0xa2,0xe4,0xac,0x38,0x5a,0xa9,0x91,
  0x39,0xc6,0x7d,0xb2,0xdd,0x17,0x7a,0xd6,0x18,0xaf,0x42,0xb9,0x44,0x4,0x86,0x7d,
  0xc0,0xd9,0x46,0x38,0x62,0x3c,0xcf,0x65,0x14,0xe2,0x94,0xf4,0x25,0x54,0x44,0xea,
  0xe0,0x3b,0x6f,0xac,0xad,0x4,0xbb,0x95,0x47,0x25,0x50,0xc6,0x8c,0x8e,0x94,0xbc,
  0x9b,0x6a,0x2b,0x86,0x1a,0xe,0x9c,0x9b,0x94,0x40,0x25,0x8f,0x75,0x50,0x12,0x8d,
  0x33,0x38,0x7d,0xc1,0x76,0x9b,0x45,0x21,0xa4,0x52,0x32,0xe8,0xf4,0xcd,0xc7,0xdc,
  0xa9,0x24,0xa2,0x4d,0xca,0x28,0xa5,0xee,0x39,0x7f,0x4f,0x8c,0x14,0x25,0x74,0x6f,
  0xec,0xfd,0x7a,0xd0,0x78,0x54,0x17,0x9,0x89,0x86,0xe6,0xa1,0x17,0xc,0xd1,0x41,
  0x72,0xd2,0x4d,0xf9,0x51,0xbe,0xf6,0x66,0x7c,0x2f,0xe9,0x3b,0xa9,0x98,0x70,0xc2,
  0xe7,0xa0,0x74,0x90,0x52,0xd7,0x5c,0x7c,0xee,0xa3,0x64,0x70,0x25,0xe8,0xde,0x28,
  0x9c,0xff,0x13,0xb2,0xb8,0x60,0x44,0x9a,0x8d,0xd2,0x7f,0xe6,0x4b,0xe1,0xf4,0x41,
  0x97,0x90,0x79,0x7a,0x2f,0x5f,0xa4,0xf0,0x7f,0xbe,0x9b,0x91,0xb5,0x4,0xe5,0xc3,
  0xf9,0x93,0x3d,0x45,0x84,0x1f,0x5d,0x52,0x26,0x57,0x82,0xbc,0x29,0x85,0xa7,0xf0,
  0xe7,0x63,0xaf,0x90,0xef,0x4c,0x7a,0x84,0x2d,0x4a,0xf9,0x1f,0x79,0xee,0x14,0xc2,
  0xc9,0x8,0x61,0x7c,0x26,0x9b,0xff,0x6b,0x8c,0x42,0x9,0xa1,0x8b,0xe,0x17,0x18,
  0xc6,0x79,0x7d,0x84,0xdc,0xb8,0xa4,0x2f,0xba,0x47,0x29,0x74,0xcc,0xdf,0x3d,0x7d,
  0x54,0x4e,0x28,0x25,0x9b,0xbe,0xa6,0x73,0x30,0x4e,0x9f,0x4e,0x9d,0xc5,0xb9,0xa4,
  0xd3,0xd6,0x64,0x84,0x52,0x36,0xe7,0x3e,0xdf,0x3c,0x90,0x2,0x81,0xc,0xa8,0x31,
  0xb1,0x32,0x8,0x19,0xa2,0x92,0x24,0x5,0xa9,0xa4,0x35,0x61,0xc,0x82,0x24,0x8,
  0x31,0xd3,0xe,0xb2,0x89,0x98,0x61,0x41,0x14,0x73,0xc4,0x18,0x62,0x9c,0x11,0x99,
  0x19,0x9,0x4a,0x52,0x1e,0x25,0x5,0x5,0x1d,0x3a,0xc1,0x23,0x33,0x8d,0xe,0x6,
  0x20,0xfd,0x3f,0xb2,0xb0,0x8d,0xe5,0xe1,0xbd,0x77,0x50,0x3e,0xf5,0x56,0xc4,0x52,
  0x23,0x39,0x82,0xc2,0x68,0x88,0xfc,0x98,0x42,0x24,0xb1,0x1a,0xb0,0x48,0x88,0xb,
  0xc2,0xf5,0x8e,0xa2,0x8e,0x92,0x0,0x0,0xad,0x26,0x29,0x68,0x27,0x7e,0x13,0x28,
  0x89,0xd1,0x57,0xbe,0xca,0xa8,0x49,0xfe,0x36,0x56,0xca,0x92,0x96,0x45,0xef,0x45,
  0xac,0x25,0x4c,0xee,0x24,0xaf,0x55,0x57,0x4d,0xf1,0x40,0x9a,0xc,0xe9,0xef,0x17,
  0x6c,0xf,0xe4,0x81,0x78,0x89,0xcc,0xe7,0x8b,0x79,0x2,0x6e,0x34,0x6e,0x31,0x9b,
  0x2a,0xa4,0x6b,0x89,0x45,0xa5,0x6a,0x52,0x6d,0x1f,0x53,0xcd,0x39,0x55,0x55,0x68,
  0x1,0x8a,0x6d,0x30,0x61,0xab,0x3d,0x1,0x5b,0x3,0x60,0xba,0x1e,0xed,0xdb,0x73,
  0xc2,0x47,0xa9,0xa9,0x6a,0x5a,0x6a,0xd9,0x25,0x32,0xf6,0xf4,0xb8,0x36,0x5d,0x1f,
  0x38,0x2b,0xca,0xaf,0x88,0xe6,0xe1,0xb4,0x9e,0x1e,0x8f,0xd9,0x88,0xcd,0x55,0xad,
  0x5f,0xe5,0x75,0xae,0x30,0xd4,0x1e,0xa0,0xcc,0xbe,0x3b,0x59,0xe4,0xd1,0x66,0x1c,
  0x44,0x18,0x69,0xfd,0xfb,0x84,0x76,0x96,0x59,0x50,0x42,0xc9,0x0,0x59,0x14,0xc8,
  0xda,0x43,0x6,0x0,0xf4,0x62,0x48,0x26,0xdb,0xfa,0xf,0x7d,0x83,0xcb,0x6e,0x2c,
  0xf,0xc8,0xb3,0x54,0x78,0x1a,0x37,0x20,0x82,0x28,0x91,0x48,0xb1,0x8,0xa6,0xe4,
  0xe6,0x3d,0x75,0x7f,0x94,0xa,0xdb,0xad,0xff,0xd8,0x2e,0xc4,0x73,0x60,0x9a,0x1d,
  0x2a,0x5a,0xf5,0x6b,0xe9,0x44,0x59,0x39,0x4b,0x87,0x30,0xcb,0xa4,0xfb,0x70,0x52,
  0xa,0x66,0x22,0xf4,0xe5,0x7a,0xb9,0x75,0xf3,0x3d,0x3b,0x13,0xd8,0x5a,0x1b,0xeb,
  0xe,0x80,0x22,0x59,0x37,0x92,0x40,0x5d,0x2f,0xc7,0x24,0xa8,0x22,0x1c,0x4d,0x80,
  0x67,0xf8,0x2b,0xfb,0x5,0x7f,0x28,0x38,0x1c,0xf7,0x98,0x1c,0x98,0xcc,0xb4,0x82,
  0xf0,0x1c,0x2f,0x88,0x66,0xa1,0xa2,0xa0,0x83,0xe0,0xe6,0x5a,0xe,0xc1,0x13,0xce,
  0xc4,0xe7,0xa5,0xff,0xec,0xcd,0xbb,0x6f,0xc2,0x96,0xaf,0x5f,0x96,0x1e,0x2a,0x7f,
  0xdd,0xb,0x44,0xce,0xec,0xf,0x71,0x61,0xc6,0x46,0x85,0x33,0x3,0xbe,0xe1,0xc8,
  0x5c,0x92,0x7b,0x0,0x1,0x40,0xef,0xc0,0xed,0x12,0xcd,0x2d,0x68,0x39,0x3,0x2b,
  0x74,0x49,0x7c,0x26,0x40,0xc1,0xe0,0xe4,0xe9,0x9e,0xe2,0xd9,0x8f,0x9b,0xc6,0x9e,
  0x68,0x26,0xcf,0x3b,0x47,0x94,0x67,0xc,0xa8,0xb6,0xbc,0x98,0xe0,0x62,0xee,0x1a,
  0xb3,0x4d,0x81,0x42,0xba,0x85,0x61,0xfb,0x44,0x62,0xb9,0xd1,0x27,0xa,0x37,0xb3,
  0x4d,0x68,0x17,0x56,0xce,0xeb,0xb2,0xd1,0xb7,0xa,0x3f,0x0,0xb6,0xac,0x98,0xc3,
  0xf8,0xf,0x7f,0x17,0x71,0xa2,0x89,0x60,0xd0,0x82,0x94,0x6b,0x7,0x78,0x61,0x4a,
  0xe0,0x1b,0xd9,0xc1,0x7b,0x81,0x8,0xc4,0x20,0xf2,0x84,0xa7,0x1a,0x56,0xb4,0xd,
  0xda,0x82,0xfc,0xe1,0x28,0x95,0x9c,0x95,0x89,0xa,0xe8,0x85,0x38,0x61,0x79,0x6a,
  0xdd,0x59,0x9a,0xaf,0x87,0xc7,0x67,0x40,0x51,0x77,0x8c,0x6,0x89,0x64,0x85,0xad,
  0x71,0x27,0x54,0xc0,0x67,0x2b,0xbe,0x83,0x70,0x18,0x59,0xa9,0xf3,0x9a,0xb8,0xc6,
  0x90,0x7a,0xdb,0x7c,0x18,0xac,0x36,0x4a,0xaf,0x3c,0x8a,0x57,0xf4,0x7b,0x5a,0xef,
  0x20,0x8,0x34,0x97,0xbd,0xfb,0xa4,0xca,0x81,0xa,0x50,0xa7,0x87,0x4e,0x97,0x2a,
  0x94,0x7d,0x4d,0x70,0xb5,0x16,0x1e,0x2f,0xc3,0x88,0x0,0x9a,0xa3,0xf4,0xc3,0xf6,
  0x5b,0x5,
    // extrude_01_opt.svg
  0x0,0x0,0x7,0x24,
  0x3c,
  0x3f,0x78,0x6d,0x6c,0x20,0x76,0x65,0x72,0x73,0x69,0x6f,0x6e,0x3d,0x22,0x31,0x2e,
  0x30,0x22,0x20,0x65,0x6e,0x63,0x6f,0x64,0x69,0x6e,0x67,0x3d,0x22,0x55,0x54,0x46,
  0x2d,0x38,0x22,0x3f,0x3e,0xa,0x3c,0x21,0x2d,0x2d,0x20,0x43,0x72,0x65,0x61,0x74,
  0x65,0x64,0x20,0x77,0x69,0x74,0x68,0x20,0x49,0x6e,0x6b,0x73,0x63,0x61,0x70,0x65,
  0x20,0x28,0x68,0x74,0x74,0x70,0x3a,0x2f,0x2f,0x77,0x77,0x77,0x2e,0x69,0x6e,0x6b,
  0x73,0x63,0x61,0x70,0x65,0x2e,0x6f,0x72,0x67,0x2f,0x29,0x20,0x2d,0x2d,0x3e,0xa,
  0x3c,0x73,0x76,0x67,0x20,0x77,0x69,0x64,0x74,0x68,0x3d,0x22,0x34,0x38,0x22,0x20,
  0x68,0x65,0x69,0x67,0x68,0x74,0x3d,0x22,0x34,0x38,0x22,0x20,0x76,0x65,0x72,0x73,
  0x69,0x6f,0x6e,0x3d,0x22,0x31,0x2e,0x31,0x22,0x20,0x76,0x69,0x65,0x77,0x42,0x6f,
  0x78,0x3d,0x22,0x30,0x20,0x30,0x20,0x31,0x32,0x2e,0x37,0x20,0x31,0x32,0x2e,0x37,
  0x22,0x20,0x78,0x6d,0x6c,0x6e,0x73,0x3d,0x22,0x68,0x74,0x74,0x70,0x3a,0x2f,0x2f,
  0x77,0x77,0x77,0x2e,0x77,0x33,0x2e,0x6f,0x72,0x67,0x2f,0x32,0x30,0x30,0x30,0x2f,
  0x73,0x76,0x67,0x22,0x3e,0xa,0x20,0x3c,0x64,0x65,0x66,0x73,0x3e,0xa,0x20,0x20,
  0x3c,0x6d,0x61,0x72,0x6b,0x65,0x72,0x20,0x69,0x64,0x3d,0x22,0x6d,0x61,0x72,0x6b,
  0x65,0x72,0x32,0x38,0x22,0x20,0x6f,0x76,0x65,0x72,0x66,0x6c,0x6f,0x77,0x3d,0x22,
  0x76,0x69,0x73,0x69,0x62,0x6c,0x65,0x22,0x20,0x6d,0x61,0x72,0x6b,0x65,0x72,0x48,
  0x65,0x69,0x67,0x68,0x74,0x3d,0x22,0x31,0x2e,0x30,0x30,0x31,0x22,0x20,0x6d,0x61,
  0x72,0x6b,0x65,0x72,0x57,0x69,0x64,0x74,0x68,0x3d,0x22,0x31,0x2e,0x30,0x30,0x31,
  0x22,0x20,0x6f,0x72,0x69,0x65,0x6e,0x74,0x3d,0x22,0x61,0x75,0x74,0x6f,0x2d,0x73,
  0x74,0x61,0x72,0x74,0x2d,0x72,0x65,0x76,0x65,0x72,0x73,0x65,0x22,0x20,0x70,0x72,
  0x65,0x73,0x65,0x72,0x76,0x65,0x41,0x73,0x70,0x65,0x63,0x74,0x52,0x61,0x74,0x69,
  0x6f,0x3d,0x22,0x78,0x4d,0x69,0x64,0x59,0x4d,0x69,0x64,0x22,0x20,0x76,0x69,0x65,
  0x77,0x42,0x6f,0x78,0x3d,0x22,0x30,0x20,0x30,0x20,0x31,0x20,0x31,0x22,0x3e,0xa,
  0x20,0x20,0x20,0x3c,0x70,0x61,0x74,0x68,0x20,0x74,0x72,0x61,0x6e,0x73,0x66,0x6f,
  0x72,0x6d,0x3d,0x22,0x73,0x63,0x61,0x6c,0x65,0x28,0x2e,0x37,0x29,0x22,0x20,0x64,
  0x3d,0x22,0x6d,0x2d,0x30,0x2e,0x32,0x31,0x31,0x31,0x35,0x2d,0x34,0x2e,0x31,0x30,
  0x35,0x36,0x20,0x36,0x2e,0x34,0x32,0x32,0x33,0x20,0x33,0x2e,0x32,0x31,0x31,0x31,
  0x61,0x31,0x20,0x31,0x20,0x39,0x30,0x20,0x30,0x20,0x31,0x20,0x30,0x20,0x31,0x2e,
  0x37,0x38,0x38,0x39,0x6c,0x2d,0x36,0x2e,0x34,0x32,0x32,0x33,0x20,0x33,0x2e,0x32,
  0x31,0x31,0x31,0x61,0x31,0x2e,0x32,0x33,0x36,0x31,0x20,0x31,0x2e,0x32,0x33,0x36,
  0x31,0x20,0x33,0x31,0x2e,0x37,0x31,0x37,0x20,0x30,0x20,0x31,0x2d,0x31,0x2e,0x37,
  0x38,0x38,0x39,0x2d,0x31,0x2e,0x31,0x30,0x35,0x36,0x76,0x2d,0x36,0x61,0x31,0x2e,
  0x32,0x33,0x36,0x31,0x20,0x31,0x2e,0x32,0x33,0x36,0x31,0x20,0x31,0x34,0x38,0x2e,
  0x32,0x38,0x20,0x30,0x20,0x31,0x20,0x31,0x2e,0x37,0x38,0x38,0x39,0x2d,0x31,0x2e,
  0x31,0x30,0x35,0x36,0x7a,0x22,0x20,0x66,0x69,0x6c,0x6c,0x3d,0x22,0x63,0x6f,0x6e,
  0x74,0x65,0x78,0x74,0x2d,0x73,0x74,0x72,0x6f,0x6b,0x65,0x22,0x20,0x66,0x69,0x6c,
  0x6c,0x2d,0x72,0x75,0x6c,0x65,0x3d,0x22,0x65,0x76,0x65,0x6e,0x6f,0x64,0x64,0x22,
  0x2f,0x3e,0xa,0x20,0x20,0x3c,0x2f,0x6d,0x61,0x72,0x6b,0x65,0x72,0x3e,0xa,0x20,
  0x3c,0x2f,0x64,0x65,0x66,0x73,0x3e,0xa,0x20,0x3c,0x67,0x20,0x66,0x69,0x6c,0x6c,
  0x2d,0x72,0x75,0x6c,0x65,0x3d,0x22,0x65,0x76,0x65,0x6e,0x6f,0x64,0x64,0x22,0x3e,
  0xa,0x20,0x20,0x3c,0x70,0x61,0x74,0x68,0x20,0x64,0x3d,0x22,0x6d,0x36,0x2e,0x35,
  0x34,0x36,0x20,0x34,0x2e,0x32,0x38,0x38,0x20,0x35,0x2e,0x35,0x34,0x38,0x35,0x20,
  0x31,0x2e,0x38,0x32,0x30,0x38,0x76,0x33,0x2e,0x30,0x37,0x31,0x31,0x6c,0x2d,0x35,
  0x2e,0x35,0x34,0x38,0x35,0x2d,0x32,0x2e,0x32,0x39,0x32,0x37,0x7a,0x22,0x20,0x70,
  0x6f,0x69,0x6e,0x74,0x73,0x3d,0x22,0x31,0x32,0x2e,0x30,0x39,0x34,0x35,0x35,0x33,
  0x2c,0x36,0x2e,0x31,0x30,0x38,0x38,0x30,0x32,0x36,0x20,0x31,0x32,0x2e,0x30,0x39,
  0x34,0x35,0x35,0x33,0x2c,0x39,0x2e,0x31,0x37,0x39,0x38,0x35,0x34,0x36,0x20,0x36,
  0x2e,0x35,0x34,0x36,0x30,0x34,0x38,0x38,0x2c,0x36,0x2e,0x38,0x38,0x37,0x31,0x30,
  0x34,0x37,0x20,0x36,0x2e,0x35,0x34,0x36,0x30,0x34,0x38,0x38,0x2c,0x34,0x2e,0x32,
  0x38,0x37,0x39,0x38,0x37,0x37,0x20,0x22,0x20,0x66,0x69,0x6c,0x6c,0x3d,0x22,0x23,
  0x65,0x39,0x65,0x39,0x66,0x66,0x22,0x2f,0x3e,0xa,0x20,0x20,0x3c,0x70,0x61,0x74,
  0x68,0x20,0x64,0x3d,0x22,0x6d,0x30,0x2e,0x39,0x34,0x31,0x34,0x39,0x20,0x35,0x2e,
  0x39,0x34,0x33,0x37,0x76,0x33,0x2e,0x31,0x38,0x33,0x32,0x6c,0x35,0x2e,0x36,0x30,
  0x34,0x36,0x2d,0x32,0x2e,0x32,0x33,0x39,0x38,0x76,0x2d,0x32,0x2e,0x35,0x39,0x39,
  0x31,0x7a,0x22,0x20,0x70,0x6f,0x69,0x6e,0x74,0x73,0x3d,0x22,0x30,0x2e,0x39,0x34,
  0x31,0x34,0x39,0x34,0x33,0x39,0x2c,0x39,0x2e,0x31,0x32,0x36,0x39,0x33,0x30,0x37,
  0x20,0x36,0x2e,0x35,0x34,0x36,0x30,0x34,0x38,0x38,0x2c,0x36,0x2e,0x38,0x38,0x37,
  0x31,0x30,0x34,0x37,0x20,0x36,0x2e,0x35,0x34,0x36,0x30,0x34,0x38,0x38,0x2c,0x34,
  0x2e,0x32,0x38,0x37,0x39,0x38,0x37,0x37,0x20,0x30,0x2e,0x39,0x34,0x31,0x34,0x39,
  0x34,0x33,0x39,0x2c,0x35,0x2e,0x39,0x34,0x33,0x37,0x30,0x39,0x35,0x20,0x22,0x20,
  0x66,0x69,0x6c,0x6c,0x3d,0x22,0x23,0x33,0x35,0x33,0x35,0x36,0x34,0x22,0x2f,0x3e,
  0xa,0x20,0x20,0x3c,0x70,0x61,0x74,0x68,0x20,0x64,0x3d,0x22,0x6d,0x30,0x2e,0x39,
  0x34,0x31,0x34,0x39,0x20,0x39,0x2e,0x31,0x32,0x36,0x39,0x20,0x35,0x2e,0x37,0x38,
  0x35,0x32,0x20,0x33,0x2e,0x34,0x34,0x36,0x37,0x20,0x35,0x2e,0x33,0x36,0x37,0x39,
  0x2d,0x33,0x2e,0x33,0x39,0x33,0x38,0x2d,0x35,0x2e,0x35,0x34,0x38,0x35,0x2d,0x32,
  0x2e,0x32,0x39,0x32,0x37,0x7a,0x22,0x20,0x70,0x6f,0x69,0x6e,0x74,0x73,0x3d,0x22,
  0x36,0x2e,0x37,0x32,0x36,0x36,0x34,0x35,0x33,0x2c,0x31,0x32,0x2e,0x35,0x37,0x33,
  0x36,0x37,0x35,0x20,0x31,0x32,0x2e,0x30,0x39,0x34,0x35,0x35,0x33,0x2c,0x39,0x2e,
  0x31,0x37,0x39,0x38,0x35,0x34,0x36,0x20,0x36,0x2e,0x35,0x34,0x36,0x30,0x34,0x38,
  0x38,0x2c,0x36,0x2e,0x38,0x38,0x37,0x31,0x30,0x34,0x37,0x20,0x30,0x2e,0x39,0x34,
  0x31,0x34,0x39,0x34,0x33,0x39,0x2c,0x39,0x2e,0x31,0x32,0x36,0x39,0x33,0x30,0x37,
  0x20,0x22,0x20,0x66,0x69,0x6c,0x6c,0x3d,0x22,0x23,0x61,0x66,0x61,0x66,0x64,0x65,
  0x22,0x2f,0x3e,0xa,0x20,0x20,0x3c,0x70,0x61,0x74,0x68,0x20,0x64,0x3d,0x22,0x6d,
  0x30,0x2e,0x39,0x34,0x31,0x34,0x39,0x20,0x35,0x2e,0x39,0x34,0x33,0x37,0x20,0x35,
  0x2e,0x37,0x38,0x35,0x32,0x20,0x32,0x2e,0x37,0x30,0x38,0x37,0x20,0x35,0x2e,0x33,
  0x36,0x37,0x39,0x2d,0x32,0x2e,0x35,0x34,0x33,0x36,0x2d,0x35,0x2e,0x35,0x34,0x38,
  0x35,0x2d,0x31,0x2e,0x38,0x32,0x30,0x38,0x7a,0x22,0x20,0x70,0x6f,0x69,0x6e,0x74,
  0x73,0x3d,0x22,0x36,0x2e,0x37,0x32,0x36,0x36,0x34,0x35,0x33,0x2c,0x38,0x2e,0x36,
  0x35,0x32,0x34,0x35,0x32,0x33,0x20,0x31,0x32,0x2e,0x30,0x39,0x34,0x35,0x35,0x33,
  0x2c,0x36,0x2e,0x31,0x30,0x38,0x38,0x30,0x32,0x36,0x20,0x36,0x2e,0x35,0x34,0x36,
  0x30,0x34,0x38,0x38,0x2c,0x34,0x2e,0x32,0x38,0x37,0x39,0x38,0x37,0x37,0x20,0x30,
  0x2e,0x39,0x34,0x31,0x34,0x39,0x34,0x33,0x39,0x2c,0x35,0x2e,0x39,0x34,0x33,0x37,
  0x30,0x39,0x35,0x20,0x22,0x20,0x66,0x69,0x6c,0x6c,0x3d,0x22,0x23,0x34,0x64,0x34,
  0x64,0x39,0x66,0x22,0x2f,0x3e,0xa,0x20,0x20,0x3c,0x70,0x61,0x74,0x68,0x20,0x64,
  0x3d,0x22,0x6d,0x36,0x2e,0x37,0x32,0x36,0x36,0x20,0x38,0x2e,0x36,0x35,0x32,0x35,
  0x76,0x33,0x2e,0x39,0x32,0x31,0x32,0x6c,0x35,0x2e,0x33,0x36,0x37,0x39,0x2d,0x33,
  0x2e,0x33,0x39,0x33,0x38,0x76,0x2d,0x33,0x2e,0x30,0x37,0x31,0x31,0x7a,0x22,0x20,
  0x70,0x6f,0x69,0x6e,0x74,0x73,0x3d,0x22,0x36,0x2e,0x37,0x32,0x36,0x36,0x34,0x35,
  0x33,0x2c,0x31,0x32,0x2e,0x35,0x37,0x33,0x36,0x37,0x35,0x20,0x31,0x32,0x2e,0x30,
  0x39,0x34,0x35,0x35,0x33,0x2c,0x39,0x2e,0x31,0x37,0x39,0x38,0x35,0x34,0x36,0x20,
  0x31,0x32,0x2e,0x30,0x39,0x34,0x35,0x35,0x33,0x2c,0x36,0x2e,0x31,0x30,0x38,0x38,
  0x30,0x32,0x36,0x20,0x36,0x2e,0x37,0x32,0x36,0x36,0x34,0x35,0x33,0x2c,0x38,0x2e,
  0x36,0x35,0x32,0x34,0x35,0x32,0x33,0x20,0x22,0x20,0x66,0x69,0x6c,0x6c,0x3d,0x22,
  0x23,0x64,0x37,0x64,0x37,0x66,0x66,0x22,0x2f,0x3e,0xa,0x20,0x20,0x3c,0x70,0x61,
  0x74,0x68,0x20,0x64,0x3d,0x22,0x6d,0x30,0x2e,0x39,0x34,0x31,0x34,0x39,0x20,0x35,
  0x2e,0x39,0x34,0x33,0x37,0x20,0x35,0x2e,0x37,0x38,0x35,0x32,0x20,0x32,0x2e,0x37,
  0x30,0x38,0x37,0x76,0x33,0x2e,0x39,0x32,0x31,0x32,0x6c,0x2d,0x35,0x2e,0x37,0x38,
  0x35,0x32,0x2d,0x33,0x2e,0x34,0x34,0x36,0x37,0x7a,0x22,0x20,0x70,0x6f,0x69,0x6e,
  0x74,0x73,0x3d,0x22,0x36,0x2e,0x37,0x32,0x36,0x36,0x34,0x35,0x33,0x2c,0x38,0x2e,
  0x36,0x35,0x32,0x34,0x35,0x32,0x33,0x20,0x36,0x2e,0x37,0x32,0x36,0x36,0x34,0x35,
  0x33,0x2c,0x31,0x32,0x2e,0x35,0x37,0x33,0x36,0x37,0x35,0x20,0x30,0x2e,0x39,0x34,
  0x31,0x34,0x39,0x34,0x33,0x39,0x2c,0x39,0x2e,0x31,0x32,0x36,0x39,0x33,0x30,0x37,
  0x20,0x30,0x2e,0x39,0x34,0x31,0x34,0x39,0x34,0x33,0x39,0x2c,0x35,0x2e,0x39,0x34,
  0x33,0x37,0x30,0x39,0x35,0x20,0x22,0x20,0x66,0x69,0x6c,0x6c,0x3d,0x22,0x23,0x38,
  0x36,0x38,0x36,0x62,0x66,0x22,0x2f,0x3e,0xa,0x20,0x3c,0x2f,0x67,0x3e,0xa,0x20,
  0x3c,0x70,0x61,0x74,0x68,0x20,0x64,0x3d,0x22,0x6d,0x36,0x2e,0x36,0x39,0x39,0x37,
  0x20,0x36,0x2e,0x38,0x39,0x33,0x76,0x2d,0x33,0x2e,0x38,0x33,0x33,0x34,0x22,0x20,
  0x66,0x69,0x6c,0x6c,0x3d,0x22,0x23,0x39,0x64,0x39,0x64,0x66,0x66,0x22,0x20,0x6d,
  0x61,0x72,0x6b,0x65,0x72,0x2d,0x65,0x6e,0x64,0x3d,0x22,0x75,0x72,0x6c,0x28,0x23,
  0x6d,0x61,0x72,0x6b,0x65,0x72,0x32,0x38,0x29,0x22,0x20,0x73,0x74,0x72,0x6f,0x6b,
  0x65,0x3d,0x22,0x23,0x39,0x62,0x39,0x62,0x66,0x66,0x22,0x20,0x73,0x74,0x72,0x6f,
  0x6b,0x65,0x2d,0x6d,0x69,0x74,0x65,0x72,0x6c,0x69,0x6d,0x69,0x74,0x3d,0x22,0x33,
  0x2e,0x36,0x22,0x20,0x73,0x74,0x72,0x6f,0x6b,0x65,0x2d,0x77,0x69,0x64,0x74,0x68,
  0x3d,0x22,0x2e,0x34,0x35,0x30,0x32,0x34,0x22,0x2f,0x3e,0xa,0x3c,0x2f,0x73,0x76,
  0x67,0x3e,0xa,
    // extrude_new_1.svg
  0x0,0x0,0x7,0x7a,
  0x28,
  0xb5,0x2f,0xfd,0x60,0xa6,0x19,0x85,0x3b,0x0,0x3a,0x52,0xb0,0xe,0x29,0xe0,0x6e,
  0x6a,0x1e,0xdb,0x36,0xa2,0xa7,0xc6,0xf3,0x1f,0xed,0x8,0x1b,0x17,0x7f,0xd0,0x21,
  0x88,0xd7,0x33,0xfe,0xc3,0xca,0x42,0x55,0x55,0xd9,0x12,0x74,0xf,0x62,0x1,0x46,
  0x4,0x63,0x8c,0xe5,0xb0,0xc1,0x1,0xf0,0x0,0xde,0x0,0xd8,0x0,0x8f,0x61,0x44,
  0xac,0x9d,0xf8,0xaf,0xcf,0xe4,0x11,0x89,0xe4,0x27,0x9a,0xa8,0x1c,0x7d,0x64,0xe2,
  0xb0,0x5e,0x2b,0xe0,0xaf,0x97,0xda,0xc6,0xfd,0xa,0x8e,0x87,0x38,0x9a,0x31,0x8c,
  0x8a,0xad,0x14,0x82,0x2b,0x16,0x82,0x1f,0x5b,0x97,0xfc,0xd8,0xbe,0x5f,0xaf,0x6d,
  0x38,0x1,0x18,0xc6,0xb5,0x90,0x75,0xfc,0x83,0x4a,0x18,0xaf,0xf,0x10,0x8a,0xee,
  0x66,0xad,0x52,0x73,0x5d,0xad,0xc,0x34,0x30,0xa0,0xc8,0x1f,0xad,0x77,0xde,0x71,
  0x27,0x16,0x2f,0x5,0x7e,0x7,0x95,0xe0,0x5,0x8e,0x96,0x4b,0x54,0x3e,0x92,0xf8,
  0x3a,0xb9,0xd9,0xf2,0x11,0x1a,0x39,0x6c,0x5d,0x48,0x70,0x43,0x73,0xf5,0x5a,0x3d,
  0xd6,0x2c,0x35,0xce,0x89,0xac,0x39,0x87,0x21,0xb1,0xe5,0x16,0xc,0xa3,0x3e,0x1e,
  0x17,0xf3,0xd4,0xa9,0x19,0x86,0xc5,0x12,0xa8,0xfc,0x43,0xc9,0x90,0xc7,0xf3,0x10,
  0x46,0x3a,0x86,0x1,0xc9,0x35,0xa5,0x85,0x7,0x5,0x3f,0x2c,0x2c,0x40,0x28,0x95,
  0x1a,0x14,0x8f,0x6b,0xd7,0xb3,0x2a,0x95,0x8a,0x42,0xb1,0x90,0xe4,0xc,0x61,0x48,
  0x2f,0xa1,0xe,0x5c,0x21,0x52,0x90,0x20,0xf9,0xa9,0xa4,0xfa,0x99,0xfe,0x2d,0x90,
  0x94,0x2,0xf0,0xb0,0x0,0x21,0x80,0xb1,0x11,0xc3,0xf8,0xc8,0x42,0xb4,0x46,0x34,
  0xe3,0xc4,0x48,0x75,0xa0,0x81,0x3,0x86,0xf1,0x88,0x9e,0x6a,0x1d,0xd1,0x27,0xa6,
  0x97,0x33,0x8c,0xc8,0x3e,0xf8,0x3e,0x25,0x41,0x11,0x8b,0x80,0x87,0x2e,0xba,0xe8,
  0x2d,0x35,0x6c,0x6c,0x79,0x1a,0x10,0x91,0x64,0x73,0x4f,0x4a,0x19,0x97,0x37,0x3d,
  0x93,0x37,0x9e,0x68,0xf2,0xd6,0x30,0xc6,0x98,0x5b,0x30,0x49,0x16,0xdf,0x6b,0x5f,
  0x4e,0x35,0xc,0x3e,0xe7,0xee,0x6c,0xb5,0x4a,0xd,0x71,0x35,0xc3,0x43,0xd7,0x3a,
  0x38,0xa2,0x37,0x43,0x32,0x95,0x48,0xa8,0xcf,0x2,0xb,0xc3,0x60,0x20,0xc1,0x3,
  0x9e,0x72,0x1f,0xff,0x95,0xe0,0xb,0xad,0x40,0x8e,0x87,0xf0,0xe3,0x29,0x81,0x43,
  0xa8,0xd8,0x7b,0x69,0xaa,0x5f,0xa3,0x89,0x65,0x90,0xf1,0xff,0x55,0xf9,0xd2,0x8c,
  0x95,0xcd,0x13,0xca,0x30,0x24,0x44,0x70,0xfe,0xb2,0x87,0x1a,0xf,0x7e,0x28,0x8b,
  0x8a,0x85,0x9c,0xfb,0x14,0xbb,0x70,0x69,0x44,0xb2,0xfc,0xd8,0x71,0x2c,0xe3,0xe0,
  0xb,0x87,0x85,0x62,0x18,0xf,0x5d,0xb2,0xc4,0x66,0xc9,0x20,0x8e,0x4c,0x2b,0xb8,
  0xd2,0x8b,0xe0,0xd2,0x8f,0x1e,0x8,0x3b,0x5f,0x15,0x8a,0xc4,0x3c,0x86,0xa8,0x63,
  0x21,0xd5,0x34,0x7d,0xae,0x65,0x64,0x83,0xcc,0x97,0x47,0xd6,0x48,0xd8,0xba,0xd7,
  0x64,0xf9,0xc1,0xd6,0xff,0x42,0xa1,0x7b,0x27,0xf5,0x27,0x9e,0xc8,0x63,0xa1,0x11,
  0xa9,0x98,0xcf,0xe8,0xed,0xcd,0xa6,0xab,0xe8,0xa9,0xc0,0xe9,0xbc,0xf5,0x72,0x97,
  0xd7,0xcd,0xe7,0x5c,0xd1,0x1d,0xce,0x61,0x93,0x2d,0x57,0x1d,0xd7,0x6b,0x66,0x73,
  0xd3,0xb9,0x9b,0xab,0xd3,0x2,0xe8,0xe0,0x6b,0xaf,0x41,0xf7,0x35,0x13,0x64,0x2d,
  0x65,0x7b,0x7b,0xcf,0xcd,0x5e,0xc,0x67,0xc9,0x84,0x14,0x9d,0x94,0xb,0x46,0x24,
  0xf6,0xda,0x63,0xaf,0x36,0x9d,0xcb,0x66,0x72,0x79,0xc3,0x5c,0x3f,0xf9,0x52,0x8c,
  0x72,0x46,0xc9,0xa4,0x74,0xd,0xdd,0x5b,0xd0,0xfd,0x2e,0xa2,0xc7,0x52,0x50,0x8e,
  0x33,0x7f,0x7e,0x7d,0xb0,0x7b,0x4f,0x87,0x52,0xbe,0x28,0x21,0x73,0xd8,0x1e,0xa7,
  0xaf,0x18,0x61,0x73,0xbe,0x9c,0x84,0xde,0xd1,0x97,0x63,0x18,0x7d,0x3f,0xba,0x6,
  0x14,0x40,0xaf,0xcd,0x62,0x1b,0x8f,0xfa,0xd5,0x46,0x24,0x13,0x7b,0x1f,0x29,0x82,
  0x61,0x40,0xdf,0xa0,0xd0,0x43,0xbd,0x4,0x92,0xc0,0xcc,0xde,0x47,0xe2,0x38,0xaf,
  0xbc,0xad,0x27,0x5d,0xbd,0xe8,0x79,0xa8,0xf9,0xde,0x8c,0x71,0xbd,0xe9,0xa4,0x63,
  0x18,0x13,0x2d,0xe7,0x9a,0x73,0x7a,0xcf,0xd9,0xdc,0x92,0x9e,0x16,0x9,0xc6,0xe7,
  0xde,0xcb,0x31,0x25,0x21,0xa1,0xd4,0x76,0xc9,0x4f,0x79,0xee,0x7f,0x64,0xa3,0x85,
  0x43,0xad,0x36,0x7a,0xca,0x2f,0x1e,0x9a,0x5c,0xe5,0xf0,0x15,0xec,0xcd,0x58,0x65,
  0xcb,0xe7,0x8,0x82,0x1e,0x87,0x99,0x68,0x8f,0x49,0xb6,0xa4,0x73,0x9a,0xa0,0x4a,
  0x94,0xa4,0x2,0xb,0x10,0xf,0xa,0x56,0x3c,0x3c,0x77,0xb3,0x79,0x73,0x91,0x41,
  0x7f,0xbd,0x60,0xd3,0xaa,0x51,0xae,0x1a,0xe4,0x7b,0xb1,0x35,0xb2,0x49,0x36,0xfb,
  0x4d,0x6,0xbb,0x79,0xb2,0x9d,0x93,0x93,0xc1,0xf2,0xdc,0x4c,0x23,0xcd,0x7c,0xb1,
  0x55,0x9a,0x12,0x36,0x39,0x17,0x93,0xb1,0x19,0x6b,0xfd,0x96,0x2b,0x88,0x76,0xa2,
  0x24,0xd9,0xa0,0x74,0xcb,0x35,0x2f,0x46,0xc6,0x7a,0x75,0x62,0xee,0xb1,0xcd,0x38,
  0x57,0x37,0x53,0xc6,0xe8,0xcc,0x39,0xce,0xf4,0xf6,0x66,0x7b,0x77,0xc2,0x7,0x1d,
  0xbb,0x48,0x6,0x1d,0x36,0xb8,0x98,0x37,0x64,0x32,0xb6,0xd9,0x56,0x3f,0xe4,0xb8,
  0x8f,0x23,0x32,0xf7,0x5a,0x6b,0x72,0x35,0xd5,0x74,0x72,0x24,0x39,0xe5,0x64,0x93,
  0x49,0x16,0xe7,0x84,0x1,0x18,0xa0,0x3b,0x59,0xd4,0xe8,0xd5,0x85,0xde,0x4b,0x21,
  0x98,0x56,0xb8,0xda,0xe2,0x81,0xee,0xe7,0x27,0x12,0x1b,0xeb,0xe7,0x56,0x2f,0x1a,
  0xb3,0xe1,0xd4,0x59,0xe7,0x43,0xf1,0xd0,0x1a,0x50,0x42,0x29,0x23,0xd2,0x3,0x17,
  0x6b,0xac,0xd3,0x53,0x63,0xcf,0xb1,0x7,0x97,0x7c,0xce,0xac,0xae,0xba,0xf8,0x22,
  0x6c,0xd1,0x1d,0x84,0x2c,0x36,0xff,0xea,0x50,0x87,0x36,0x9b,0x48,0xd1,0x7d,0xce,
  0xb7,0x58,0xec,0x36,0x67,0x7a,0x90,0xde,0xc,0x81,0xa5,0xa8,0x61,0x25,0x53,0xc8,
  0xcc,0xcc,0x88,0x48,0x92,0x24,0x69,0xe,0x51,0xc,0x62,0x1c,0x8,0x9d,0xa6,0xb6,
  0x1,0x72,0x71,0x10,0x3,0x49,0x92,0x84,0x88,0x31,0xc6,0x28,0x43,0x90,0x13,0xcc,
  0x88,0x44,0x22,0x81,0x84,0x32,0x52,0x90,0x36,0x7,0x7a,0xcd,0x2,0xc6,0x33,0xd,
  0xe4,0xf1,0x11,0x95,0xd9,0x99,0x9,0x99,0xd6,0x64,0xcc,0xca,0xdf,0x11,0x33,0x58,
  0x20,0x59,0x73,0xae,0x40,0x35,0x5,0x9b,0x62,0xe6,0x21,0xe0,0x23,0xb5,0xa2,0x74,
  0xb3,0x4,0x4a,0xad,0x21,0x27,0x2f,0x36,0x1d,0x76,0x53,0x96,0x1a,0xc9,0xd9,0xde,
  0x0,0x12,0x1a,0xb5,0xef,0xe9,0x27,0xfe,0xa,0x22,0x4f,0x3d,0x2a,0xe4,0x6c,0x3f,
  0x2d,0xa6,0xf0,0xa9,0x42,0xe2,0x6e,0x6,0xea,0x64,0x65,0x5,0x20,0xc1,0x48,0x1a,
  0x77,0x84,0x39,0xa3,0xdc,0xe7,0x5,0xd6,0xa,0xb5,0x69,0x70,0xc0,0x34,0xb3,0x5d,
  0x37,0x45,0xf0,0x24,0x6,0xd5,0xd,0x70,0x9a,0xb8,0x3e,0x2e,0x17,0xa1,0xc7,0x98,
  0x66,0xa0,0x9,0x84,0x34,0x48,0x3c,0xbd,0xef,0xb6,0xde,0x4c,0x88,0xd1,0x15,0x23,
  0x6a,0x78,0xf4,0x8f,0x80,0xfb,0x1f,0xfd,0xe9,0x1f,0x25,0xa4,0x8d,0x1c,0x66,0xb0,
  0x9a,0x7a,0x5f,0xe,0x54,0xe8,0x28,0x21,0x2e,0x9b,0x85,0x2d,0x50,0xb6,0xcb,0xff,
  0x19,0xd6,0x3d,0x35,0x4b,0x92,0x1a,0x9b,0x82,0xd0,0x23,0xb5,0x52,0xa7,0xb3,0x1f,
  0x4,0xee,0xc2,0x3f,0x28,0x6f,0xb,0xc3,0x7b,0x4f,0x19,0xed,0x8,0xc,0x18,0x4e,
  0x45,0xac,0x72,0xf3,0x1a,0xd6,0x6b,0x82,0x8b,0x93,0x4d,0xb6,0x56,0x2c,0xd2,0xc3,
  0x22,0x7b,0xb7,0x2c,0x16,0xe5,0x7d,0x48,0x74,0x23,0x44,0x39,0xb2,0xb6,0x89,0xe7,
  0x71,0x22,0xb3,0xfa,0x5,0x5e,0x0,0x7f,0x70,0x5,0x9b,0x4c,0x32,0x3a,0x11,0xf4,
  0x43,0xf6,0x49,0xc3,0xc1,0xd4,0xdd,0xe,0xc5,0xc1,0x57,0x77,0xda,0x47,0xaa,0xee,
  0x58,0x60,0x7f,0x90,0xf4,0x45,0x46,0x53,0x44,0x16,0xc,0xef,0x22,0x6e,0xdb,0x78,
  0x67,0x66,0xd,0x25,0x7,0x38,0x64,0x95,0x15,0xd2,0xc1,0x1b,0xa3,0x2d,0xa4,0x16,
  0x30,0x6c,0x5e,0x12,0x1c,0x9,0x31,0x1e,0x46,0xe8,0xea,0xcd,0xd1,0x3a,0xd5,0x36,
  0x62,0xcc,0x60,0x76,0xa,0x5c,0x4,0x64,0xa9,0x2e,0xfb,0xd8,0x55,0x22,0x1f,0x1b,
  0x1c,0x8a,0x34,0xc2,0xd0,0x6d,0xbb,0xa5,0xc4,0x16,0x2f,0xe2,0x9f,0x52,0xe,0xa3,
  0xae,0xf6,0x82,0x8f,0xe3,0x14,0x77,0xb6,0x47,0x88,0x30,0xe1,0xc1,0xc5,0x1d,0xc9,
  0x90,0xab,0x53,0x8e,0xe1,0x6c,0x70,0x90,0xf6,0x3b,0xba,0x1b,0xc4,0xfa,0xe7,0x63,
  0x53,0xac,0xf9,0x26,0x2b,0xd,0x19,0x0,0xad,0x71,0x88,0xcd,0x56,0x60,0x8c,0xbc,
  0xcd,0x4,0x21,0x5,0x9a,0x59,0x3f,0xc0,0x5e,0xdc,0x19,0xcd,0xce,0x78,0x0,0x68,
  0x78,0x13,0x63,0xb6,0x4f,0xe5,0x36,0xb6,0xc4,0xa5,0x33,0xbc,0xe9,0x90,0xaf,0x73,
  0xc,0xf4,0x39,0x6b,0x31,0xd1,0x6c,0x12,0x91,0xe2,0x6,0x28,0x54,0xf5,0x51,0xd8,
  0x4e,0x64,0x16,0xd3,0xc4,0x34,0x60,0x82,0x5d,0xc2,0x28,0xe4,0xc1,0x42,0xc2,0x1b,
  0xf6,0x73,0x14,0xa5,0x59,0xa4,0xfc,0x6c,0xc7,0xe2,0xed,0x8f,0x65,0x42,0xdd,0xf5,
  0x93,0x79,0x7c,0xb5,0x18,0xa6,0x56,0x9e,0xe4,0x4,0xd7,0x5,0x48,0xa0,0x9c,0xf9,
  0xd9,0x71,0xc7,0x36,0x11,0x3,0xf7,0x31,0x63,0xd7,0x88,0xc0,0x7b,0xa2,0x61,0x33,
  0xec,0xd9,0x74,0x67,0xf,0x9e,0x9b,0xdc,0xd6,0xc3,0xa8,0x51,0xba,0xa6,0xce,0x57,
  0x60,0xcf,0x97,0xab,0x96,0x9,0x73,0xb8,0xb6,0xd5,0x61,0xbe,0xbf,0x26,0x50,0x1,
  0xc8,0x6d,0xe3,0x13,0x70,0x8b,0x9f,0xf6,0x8,0xf9,0x9b,0x67,0x54,0x66,0x51,0xa5,
  0xcd,0xe6,0x92,0x58,0xb,0x2a,0xaf,0x97,0x9,0xc6,0xd6,0xc3,0x16,0x4b,0xda,0x6d,
  0xe3,0xde,0xb3,0xc1,0x2,0xcc,0x86,0xe3,0xcb,0x7f,0x56,0xdc,0xe8,0xf8,0x6e,0x53,
  0x74,0x18,0x5a,0xd4,0x38,0xf1,0xcf,0x71,0x7d,0xd4,0xb2,0xc8,0x95,0x6e,0xd3,0x1e,
  0x99,0xf6,0xd6,0x51,0x38,0xfa,0x8d,0x70,0x66,0xd5,0x7d,0x15,0x40,0x5b,0xb5,0xb5,
  0xfe,0x38,0x6b,0x7d,0xd2,0x16,0x87,0x3,0x6e,0xc8,0x76,0x65,0xb9,0x80,0xfc,0x2e,
  0xec,0x84,0x2e,0x81,0xb3,0x70,0x2e,0x75,0x95,0x15,0x24,0xe9,0x6,0x62,0xea,0xc3,
  0x48,0x87,0xd4,0xe8,0x98,0x20,0xab,0x94,0xd7,0x43,0x6f,0xcc,0xdc,0x82,0x91,0xbb,
  0x1b,0x99,0xd2,0x66,0x56,0x44,0xdb,0xe4,0x54,0x4e,0xdc,0x5e,0x70,0x61,0xa9,0x4b,
  0xbf,0x8e,0xc6,0x84,0x5e,0x6,0x27,0xe6,0x7b,0x60,0xc4,0x6d,0xef,0xb8,0x58,0x58,
  0x98,0x6b,0xf7,0x72,0xb,0xa3,0x83,0x81,0x6,0x4b,0x56,0x32,0xf3,0xa9,0x61,0x4e,
  0x6f,0xda,0x4f,0x9,0xeb,0xbe,0xc5,0xc2,0xe9,0xea,0x3d,0xd7,0x1f,0xd9,0x79,0x54,
  0x40,0x2a,0xed,0xa5,0x53,0x2e,0x5,0x57,0x5b,0x5d,0x49,0xdb,0x10,0x25,0x54,0xae,
  0xa8,0xbf,0xff,0x39,0x21,0x40,0xc2,0x3,0x71,0xd0,0x19,0x7a,0xa1,0xaa,0x5c,0x99,
  0xd7,0xa5,0xc3,0x89,0x33,0xd9,0x2,0xb3,0x4,0xa6,0x97,0x89,0xf7,0xc4,0x36,0x70,
  0x4e,0xf,0xda,0xa2,0x13,0x91,0xea,0x37,0xcb,0x19,0xce,0x4b,0x61,0x26,0x10,0xb8,
  0x6b,0xa6,0xeb,0x33,0x9e,0xa3,0x99,0x22,0x1a,0xbc,0x6,0xc4,0x6b,0xbc,0x2c,0xec,
  0xb0,0xf7,0x58,0x75,0x76,0xb,0xc6,0x6,0xe6,0xdf,0xe4,0xee,0xf0,0xc0,0x4,0xfa,
  0x82,0x21,0x76,0x48,0xab,0x94,0x7e,0x7c,0x29,0x79,0x9f,0x7,0xe6,0x38,0x30,0x69,
  0x5,0x11,0xcc,0xc0,0xec,0xbd,0x83,0x2d,0x0,0xbb,0xca,0x10,0x1,0x75,0x1b,0xe9,
  0x48,0x4b,0x9e,0x38,0x95,0xa1,0xbd,0xf7,0x79,0x50,0xb0,0x7a,0x97,0x8e,0x3b,0xb6,
  0x2b,0x83,0x9f,0x1,0x1e,0xa9,0x9b,0x17,0x68,0xc1,0xf7,0x7d,0xae,0x32,0xbb,0x62,
  0x53,0xcb,0xf,0x34,0x5c,0x1,0x91,0xd8,0x97,0x2d,0x4e,0x6e,0xb,0xec,0x94,0x7,
  0x89,0xb9,0x9c,0x9d,0xfe,0x87,0xb6,0xac,0xa,
    // sketch_constraint_perpendicular.svg
  0x0,0x0,0xb,0x57,
  0x3c,
  0x3f,0x78,0x6d,0x6c,0x20,0x76,0x65,0x72,0x73,0x69,0x6f,0x6e,0x3d,0x22,0x31,0x2e,
  0x30,0x22,0x20,0x65,0x6e,0x63,0x6f,0x64,0x69,0x6e,0x67,0x3d,0x22,0x55,0x54,0x46,
  0x2d,0x38,0x22,0x20,0x73,0x74,0x61,0x6e,0x64,0x61,0x6c,0x6f,0x6e,0x65,0x3d,0x22,
  0x6e,0x6f,0x22,0x3f,0x3e,0xa,0x3c,0x21,0x2d,0x2d,0x20,0x43,0x72,0x65,0x61,0x74,
  0x65,0x64,0x20,0x77,0x69,0x74,0x68,0x20,0x49,0x6e,0x6b,0x73,0x63,0x61,0x70,0x65,
  0x20,0x28,0x68,0x74,0x74,0x70,0x3a,0x2f,0x2f,0x77,0x77,0x77,0x2e,0x69,0x6e,0x6b,
  0x73,0x63,0x61,0x70,0x65,0x2e,0x6f,0x72,0x67,0x2f,0x29,0x20,0x2d,0x2d,0x3e,0xa,
  0xa,0x3c,0x73,0x76,0x67,0xa,0x20,0x20,0x20,0x77,0x69,0x64,0x74,0x68,0x3d,0x22,
  0x34,0x38,0x22,0xa,0x20,0x20,0x20,0x68,0x65,0x69,0x67,0x68,0x74,0x3d,0x22,0x34,
  0x38,0x22,0xa,0x20,0x20,0x20,0x76,0x69,0x65,0x77,0x42,0x6f,0x78,0x3d,0x22,0x30,
  0x20,0x30,0x20,0x31,0x32,0x2e,0x37,0x20,0x31,0x32,0x2e,0x37,0x22,0xa,0x20,0x20,
  0x20,0x76,0x65,0x72,0x73,0x69,0x6f,0x6e,0x3d,0x22,0x31,0x2e,0x31,0x22,0xa,0x20,
  0x20,0x20,0x69,0x64,0x3d,0x22,0x73,0x76,0x67,0x31,0x22,0xa,0x20,0x20,0x20,0x69,
  0x6e,0x6b,0x73,0x63,0x61,0x70,0x65,0x3a,0x76,0x65,0x72,0x73,0x69,0x6f,0x6e,0x3d,
  0x22,0x31,0x2e,0x34,0x2e,0x32,0x20,0x28,0x66,0x34,0x33,0x32,0x37,0x66,0x34,0x2c,
  0x20,0x32,0x30,0x32,0x35,0x2d,0x30,0x35,0x2d,0x31,0x33,0x29,0x22,0xa,0x20,0x20,
  0x20,0x73,0x6f,0x64,0x69,0x70,0x6f,0x64,0x69,0x3a,0x64,0x6f,0x63,0x6e,0x61,0x6d,
  0x65,0x3d,0x22,0x73,0x6b,0x65,0x74,0x63,0x68,0x5f,0x63,0x6f,0x6e,0x73,0x74,0x72,
  0x61,0x69,0x6e,0x74,0x5f,0x70,0x65,0x72,0x70,0x65,0x6e,0x64,0x69,0x63,0x75,0x6c,
  0x61,0x72,0x2e,0x73,0x76,0x67,0x22,0xa,0x20,0x20,0x20,0x78,0x6d,0x6c,0x6e,0x73,
  0x3a,0x69,0x6e,0x6b,0x73,0x63,0x61,0x70,0x65,0x3d,0x22,0x68,0x74,0x74,0x70,0x3a,
  0x2f,0x2f,0x77,0x77,0x77,0x2e,0x69,0x6e,0x6b,0x73,0x63,0x61,0x70,0x65,0x2e,0x6f,
  0x72,0x67,0x2f,0x6e,0x61,0x6d,0x65,0x73,0x70,0x61,0x63,0x65,0x73,0x2f,0x69,0x6e,
  0x6b,0x73,0x63,0x61,0x70,0x65,0x22,0xa,0x20,0x20,0x20,0x78,0x6d,0x6c,0x6e,0x73,
  0x3a,0x73,0x6f,0x64,0x69,0x70,0x6f,0x64,0x69,0x3d,0x22,0x68,0x74,0x74,0x70,0x3a,
  0x2f,0x2f,0x73,0x6f,0x64,0x69,0x70,0x6f,0x64,0x69,0x2e,0x73,0x6f,0x75,0x72,0x63,
  0x65,0x66,0x6f,0x72,0x67,0x65,0x2e,0x6e,0x65,0x74,0x2f,0x44,0x54,0x44,0x2f,0x73,
  0x6f,0x64,0x69,0x70,0x6f,0x64,0x69,0x2d,0x30,0x2e,0x64,0x74,0x64,0x22,0xa,0x20,
  0x20,0x20,0x78,0x6d,0x6c,0x6e,0x73,0x3d,0x22,0x68,0x74,0x74,0x70,0x3a,0x2f,0x2f,
  0x77,0x77,0x77,0x2e,0x77,0x33,0x2e,0x6f,0x72,0x67,0x2f,0x32,0x30,0x30,0x30,0x2f,
  0x73,0x76,0x67,0x22,0xa,0x20,0x20,0x20,0x78,0x6d,0x6c,0x6e,0x73,0x3a,0x73,0x76,
  0x67,0x3d,0x22,0x68,0x74,0x74,0x70,0x3a,0x2f,0x2f,0x77,0x77,0x77,0x2e,0x77,0x33,
  0x2e,0x6f,0x72,0x67,0x2f,0x32,0x30,0x30,0x30,0x2f,0x73,0x76,0x67,0x22,0x3e,0xa,
  0x20,0x20,0x3c,0x73,0x6f,0x64,0x69,0x70,0x6f,0x64,0x69,0x3a,0x6e,0x61,0x6d,0x65,
  0x64,0x76,0x69,0x65,0x77,0xa,0x20,0x20,0x20,0x20,0x20,0x69,0x64,0x3d,0x22,0x6e,
  0x61,0x6d,0x65,0x64,0x76,0x69,0x65,0x77,0x31,0x22,0xa,0x20,0x20,0x20,0x20,0x20,
  0x70,0x61,0x67,0x65,0x63,0x6f,0x6c,0x6f,0x72,0x3d,0x22,0x23,0x66,0x66,0x66,0x66,
  0x66,0x66,0x22,0xa,0x20,0x20,0x20,0x20,0x20,0x62,0x6f,0x72,0x64,0x65,0x72,0x63,
  0x6f,0x6c,0x6f,0x72,0x3d,0x22,0x23,0x30,0x30,0x30,0x30,0x30,0x30,0x22,0xa,0x20,
  0x20,0x20,0x20,0x20,0x62,0x6f,0x72,0x64,0x65,0x72,0x6f,0x70,0x61,0x63,0x69,0x74,
  0x79,0x3d,0x22,0x30,0x2e,0x32,0x35,0x22,0xa,0x20,0x20,0x20,0x20,0x20,0x69,0x6e,
  0x6b,0x73,0x63,0x61,0x70,0x65,0x3a,0x73,0x68,0x6f,0x77,0x70,0x61,0x67,0x65,0x73,
  0x68,0x61,0x64,0x6f,0x77,0x3d,0x22,0x32,0x22,0xa,0x20,0x20,0x20,0x20,0x20,0x69,
  0x6e,0x6b,0x73,0x63,0x61,0x70,0x65,0x3a,0x70,0x61,0x67,0x65,0x6f,0x70,0x61,0x63,
  0x69,0x74,0x79,0x3d,0x22,0x30,0x2e,0x30,0x22,0xa,0x20,0x20,0x20,0x20,0x20,0x69,
  0x6e,0x6b,0x73,0x63,0x61,0x70,0x65,0x3a,0x70,0x61,0x67,0x65,0x63,0x68,0x65,0x63,
  0x6b,0x65,0x72,0x62,0x6f,0x61,0x72,0x64,0x3d,0x22,0x30,0x22,0xa,0x20,0x20,0x20,
  0x20,0x20,0x69,0x6e,0x6b,0x73,0x63,0x61,0x70,0x65,0x3a,0x64,0x65,0x73,0x6b,0x63,
  0x6f,0x6c,0x6f,0x72,0x3d,0x22,0x23,0x64,0x31,0x64,0x31,0x64,0x31,0x22,0xa,0x20,
  0x20,0x20,0x20,0x20,0x69,0x6e,0x6b,0x73,0x63,0x61,0x70,0x65,0x3a,0x64,0x6f,0x63,
  0x75,0x6d,0x65,0x6e,0x74,0x2d,0x75,0x6e,0x69,0x74,0x73,0x3d,0x22,0x6d,0x6d,0x22,
  0xa,0x20,0x20,0x20,0x20,0x20,0x73,0x68,0x6f,0x77,0x67,0x75,0x69,0x64,0x65,0x73,
  0x3d,0x22,0x74,0x72,0x75,0x65,0x22,0xa,0x20,0x20,0x20,0x20,0x20,0x69,0x6e,0x6b,
  0x73,0x63,0x61,0x70,0x65,0x3a,0x7a,0x6f,0x6f,0x6d,0x3d,0x22,0x38,0x2e,0x32,0x31,
  0x34,0x32,0x36,0x33,0x36,0x22,0xa,0x20,0x20,0x20,0x20,0x20,0x69,0x6e,0x6b,0x73,
  0x63,0x61,0x70,0x65,0x3a,0x63,0x78,0x3d,0x22,0x2d,0x32,0x2e,0x33,0x31,0x33,0x30,
  0x34,0x39,0x37,0x22,0xa,0x20,0x20,0x20,0x20,0x20,0x69,0x6e,0x6b,0x73,0x63,0x61,
  0x70,0x65,0x3a,0x63,0x79,0x3d,0x22,0x32,0x34,0x2e,0x34,0x30,0x38,0x37,0x36,0x31,
  0x22,0xa,0x20,0x20,0x20,0x20,0x20,0x69,0x6e,0x6b,0x73,0x63,0x61,0x70,0x65,0x3a,
  0x77,0x69,0x6e,0x64,0x6f,0x77,0x2d,0x77,0x69,0x64,0x74,0x68,0x3d,0x22,0x31,0x39,
  0x32,0x30,0x22,0xa,0x20,0x20,0x20,0x20,0x20,0x69,0x6e,0x6b,0x73,0x63,0x61,0x70,
  0x65,0x3a,0x77,0x69,0x6e,0x64,0x6f,0x77,0x2d,0x68,0x65,0x69,0x67,0x68,0x74,0x3d,
  0x22,0x31,0x30,0x31,0x37,0x22,0xa,0x20,0x20,0x20,0x20,0x20,0x69,0x6e,0x6b,0x73,
  0x63,0x61,0x70,0x65,0x3a,0x77,0x69,0x6e,0x64,0x6f,0x77,0x2d,0x78,0x3d,0x22,0x31,
  0x39,0x31,0x32,0x22,0xa,0x20,0x20,0x20,0x20,0x20,0x69,0x6e,0x6b,0x73,0x63,0x61,
  0x70,0x65,0x3a,0x77,0x69,0x6e,0x64,0x6f,0x77,0x2d,0x79,0x3d,0x22,0x2d,0x38,0x22,
  0xa,0x20,0x20,0x20,0x20,0x20,0x69,0x6e,0x6b,0x73,0x63,0x61,0x70,0x65,0x3a,0x77,
  0x69,0x6e,0x64,0x6f,0x77,0x2d,0x6d,0x61,0x78,0x69,0x6d,0x69,0x7a,0x65,0x64,0x3d,
  0x22,0x31,0x22,0xa,0x20,0x20,0x20,0x20,0x20,0x69,0x6e,0x6b,0x73,0x63,0x61,0x70,
  0x65,0x3a,0x63,0x75,0x72,0x72,0x65,0x6e,0x74,0x2d,0x6c,0x61,0x79,0x65,0x72,0x3d,
  0x22,0x6c,0x61,0x79,0x65,0x72,0x31,0x22,0x3e,0xa,0x20,0x20,0x20,0x20,0x3c,0x73,
  0x6f,0x64,0x69,0x70,0x6f,0x64,0x69,0x3a,0x67,0x75,0x69,0x64,0x65,0xa,0x20,0x20,
  0x20,0x20,0x20,0x20,0x20,0x70,0x6f,0x73,0x69,0x74,0x69,0x6f,0x6e,0x3d,0x22,0x31,
  0x32,0x39,0x2e,0x30,0x30,0x33,0x36,0x38,0x2c,0x32,0x37,0x31,0x2e,0x31,0x32,0x36,
  0x33,0x38,0x22,0xa,0x20,0x20,0x20,0x20,0x20,0x20,0x20,0x6f,0x72,0x69,0x65,0x6e,
  0x74,0x61,0x74,0x69,0x6f,0x6e,0x3d,0x22,0x30,0x2c,0x2d,0x31,0x22,0xa,0x20,0x20,
  0x20,0x20,0x20,0x20,0x20,0x69,0x64,0x3d,0x22,0x67,0x75,0x69,0x64,0x65,0x36,0x22,
  0xa,0x20,0x20,0x20,0x20,0x20,0x20,0x20,0x69,0x6e,0x6b,0x73,0x63,0x61,0x70,0x65,
  0x3a,0x6c,0x6f,0x63,0x6b,0x65,0x64,0x3d,0x22,0x66,0x61,0x6c,0x73,0x65,0x22,0x20,
  0x2f,0x3e,0xa,0x20,0x20,0x3c,0x2f,0x73,0x6f,0x64,0x69,0x70,0x6f,0x64,0x69,0x3a,
  0x6e,0x61,0x6d,0x65,0x64,0x76,0x69,0x65,0x77,0x3e,0xa,0x20,0x20,0x3c,0x64,0x65,
  0x66,0x73,0xa,0x20,0x20,0x20,0x20,0x20,0x69,0x64,0x3d,0x22,0x64,0x65,0x66,0x73,
  0x31,0x22,0x3e,0xa,0x20,0x20,0x20,0x20,0x3c,0x69,0x6e,0x6b,0x73,0x63,0x61,0x70,
  0x65,0x3a,0x70,0x61,0x74,0x68,0x2d,0x65,0x66,0x66,0x65,0x63,0x74,0xa,0x20,0x20,
  0x20,0x20,0x20,0x20,0x20,0x65,0x66,0x66,0x65,0x63,0x74,0x3d,0x22,0x73,0x70,0x69,
  0x72,0x6f,0x22,0xa,0x20,0x20,0x20,0x20,0x20,0x20,0x20,0x69,0x64,0x3d,0x22,0x70,
  0x61,0x74,0x68,0x2d,0x65,0x66,0x66,0x65,0x63,0x74,0x33,0x22,0xa,0x20,0x20,0x20,
  0x20,0x20,0x20,0x20,0x69,0x73,0x5f,0x76,0x69,0x73,0x69,0x62,0x6c,0x65,0x3d,0x22,
  0x74,0x72,0x75,0x65,0x22,0xa,0x20,0x20,0x20,0x20,0x20,0x20,0x20,0x6c,0x70,0x65,
  0x76,0x65,0x72,0x73,0x69,0x6f,0x6e,0x3d,0x22,0x31,0x22,0x20,0x2f,0x3e,0xa,0x20,
  0x20,0x20,0x20,0x3c,0x69,0x6e,0x6b,0x73,0x63,0x61,0x70,0x65,0x3a,0x70,0x61,0x74,
  0x68,0x2d,0x65,0x66,0x66,0x65,0x63,0x74,0xa,0x20,0x20,0x20,0x20,0x20,0x20,0x20,
  0x65,0x66,0x66,0x65,0x63,0x74,0x3d,0x22,0x73,0x70,0x69,0x72,0x6f,0x22,0xa,0x20,
  0x20,0x20,0x20,0x20,0x20,0x20,0x69,0x64,0x3d,0x22,0x70,0x61,0x74,0x68,0x2d,0x65,
  0x66,0x66,0x65,0x63,0x74,0x32,0x22,0xa,0x20,0x20,0x20,0x20,0x20,0x20,0x20,0x69,
  0x73,0x5f,0x76,0x69,0x73,0x69,0x62,0x6c,0x65,0x3d,0x22,0x74,0x72,0x75,0x65,0x22,
  0xa,0x20,0x20,0x20,0x20,0x20,0x20,0x20,0x6c,0x70,0x65,0x76,0x65,0x72,0x73,0x69,
  0x6f,0x6e,0x3d,0x22,0x31,0x22,0x20,0x2f,0x3e,0xa,0x20,0x20,0x20,0x20,0x3c,0x69,
  0x6e,0x6b,0x73,0x63,0x61,0x70,0x65,0x3a,0x70,0x61,0x74,0x68,0x2d,0x65,0x66,0x66,
  0x65,0x63,0x74,0xa,0x20,0x20,0x20,0x20,0x20,0x20,0x20,0x65,0x66,0x66,0x65,0x63,
  0x74,0x3d,0x22,0x73,0x70,0x69,0x72,0x6f,0x22,0xa,0x20,0x20,0x20,0x20,0x20,0x20,
  0x20,0x69,0x64,0x3d,0x22,0x70,0x61,0x74,0x68,0x2d,0x65,0x66,0x66,0x65,0x63,0x74,
  0x31,0x22,0xa,0x20,0x20,0x20,0x20,0x20,0x20,0x20,0x69,0x73,0x5f,0x76,0x69,0x73,
  0x69,0x62,0x6c,0x65,0x3d,0x22,0x74,0x72,0x75,0x65,0x22,0xa,0x20,0x20,0x20,0x20,
  0x20,0x20,0x20,0x6c,0x70,0x65,0x76,0x65,0x72,0x73,0x69,0x6f,0x6e,0x3d,0x22,0x31,
  0x22,0x20,0x2f,0x3e,0xa,0x20,0x20,0x20,0x20,0x3c,0x6c,0x69,0x6e,0x65,0x61,0x72,
  0x47,0x72,0x61,0x64,0x69,0x65,0x6e,0x74,0xa,0x20,0x20,0x20,0x20,0x20,0x20,0x20,
  0x69,0x64,0x3d,0x22,0x73,0x77,0x61,0x74,0x63,0x68,0x32,0x38,0x22,0x3e,0xa,0x20,
  0x20,0x20,0x20,0x20,0x20,0x3c,0x73,0x74,0x6f,0x70,0xa,0x20,0x20,0x20,0x20,0x20,
  0x20,0x20,0x20,0x20,0x73,0x74,0x79,0x6c,0x65,0x3d,0x22,0x73,0x74,0x6f,0x70,0x2d,
  0x63,0x6f,0x6c,0x6f,0x72,0x3a,0x23,0x30,0x30,0x30,0x30,0x30,0x30,0x3b,0x73,0x74,
  0x6f,0x70,0x2d,0x6f,0x70,0x61,0x63,0x69,0x74,0x79,0x3a,0x31,0x3b,0x22,0xa,0x20,
  0x20,0x20,0x20,0x20,0x20,0x20,0x20,0x20,0x6f,0x66,0x66,0x73,0x65,0x74,0x3d,0x22,
  0x30,0x22,0xa,0x20,0x20,0x20,0x20,0x20,0x20,0x20,0x20,0x20,0x69,0x64,0x3d,0x22,
  0x73,0x74,0x6f,0x70,0x32,0x38,0x22,0x20,0x2f,0x3e,0xa,0x20,0x20,0x20,0x20,0x3c,
  0x2f,0x6c,0x69,0x6e,0x65,0x61,0x72,0x47,0x72,0x61,0x64,0x69,0x65,0x6e,0x74,0x3e,
  0xa,0x20,0x20,0x20,0x20,0x3c,0x69,0x6e,0x6b,0x73,0x63,0x61,0x70,0x65,0x3a,0x70,
  0x65,0x72,0x73,0x70,0x65,0x63,0x74,0x69,0x76,0x65,0xa,0x20,0x20,0x20,0x20,0x20,
  0x20,0x20,0x73,0x6f,0x64,0x69,0x70,0x6f,0x64,0x69,0x3a,0x74,0x79,0x70,0x65,0x3d,
  0x22,0x69,0x6e,0x6b,0x73,0x63,0x61,0x70,0x65,0x3a,0x70,0x65,0x72,0x73,0x70,0x33,
  0x64,0x22,0xa,0x20,0x20,0x20,0x20,0x20,0x20,0x20,0x69,0x6e,0x6b,0x73,0x63,0x61,
  0x70,0x65,0x3a,0x76,0x70,0x5f,0x78,0x3d,0x22,0x2d,0x32,0x34,0x2e,0x30,0x31,0x31,
  0x35,0x37,0x36,0x20,0x3a,0x20,0x31,0x34,0x2e,0x30,0x32,0x31,0x33,0x34,0x33,0x20,
  0x3a,0x20,0x31,0x22,0xa,0x20,0x20,0x20,0x20,0x20,0x20,0x20,0x69,0x6e,0x6b,0x73,
  0x63,0x61,0x70,0x65,0x3a,0x76,0x70,0x5f,0x79,0x3d,0x22,0x30,0x20,0x3a,0x20,0x39,
  0x39,0x39,0x2e,0x39,0x39,0x39,0x39,0x38,0x20,0x3a,0x20,0x30,0x22,0xa,0x20,0x20,
  0x20,0x20,0x20,0x20,0x20,0x69,0x6e,0x6b,0x73,0x63,0x61,0x70,0x65,0x3a,0x76,0x70,
  0x5f,0x7a,0x3d,0x22,0x33,0x31,0x2e,0x34,0x38,0x34,0x39,0x31,0x20,0x3a,0x20,0x31,
  0x35,0x2e,0x37,0x37,0x39,0x35,0x35,0x39,0x20,0x3a,0x20,0x31,0x22,0xa,0x20,0x20,
  0x20,0x20,0x20,0x20,0x20,0x69,0x6e,0x6b,0x73,0x63,0x61,0x70,0x65,0x3a,0x70,0x65,
  0x72,0x73,0x70,0x33,0x64,0x2d,0x6f,0x72,0x69,0x67,0x69,0x6e,0x3d,0x22,0x31,0x30,
  0x35,0x20,0x3a,0x20,0x2d,0x31,0x38,0x35,0x2e,0x33,0x20,0x3a,0x20,0x31,0x22,0xa,
  0x20,0x20,0x20,0x20,0x20,0x20,0x20,0x69,0x64,0x3d,0x22,0x70,0x65,0x72,0x73,0x70,
  0x65,0x63,0x74,0x69,0x76,0x65,0x31,0x22,0x20,0x2f,0x3e,0xa,0x20,0x20,0x3c,0x2f,
  0x64,0x65,0x66,0x73,0x3e,0xa,0x20,0x20,0x3c,0x67,0xa,0x20,0x20,0x20,0x20,0x20,
  0x69,0x6e,0x6b,0x73,0x63,0x61,0x70,0x65,0x3a,0x6c,0x61,0x62,0x65,0x6c,0x3d,0x22,
  0x4c,0x61,0x79,0x65,0x72,0x20,0x31,0x22,0xa,0x20,0x20,0x20,0x20,0x20,0x69,0x6e,
  0x6b,0x73,0x63,0x61,0x70,0x65,0x3a,0x67,0x72,0x6f,0x75,0x70,0x6d,0x6f,0x64,0x65,
  0x3d,0x22,0x6c,0x61,0x79,0x65,0x72,0x22,0xa,0x20,0x20,0x20,0x20,0x20,0x69,0x64,
  0x3d,0x22,0x6c,0x61,0x79,0x65,0x72,0x31,0x22,0x3e,0xa,0x20,0x20,0x20,0x20,0x3c,
  0x70,0x61,0x74,0x68,0xa,0x20,0x20,0x20,0x20,0x20,0x20,0x20,0x73,0x74,0x79,0x6c,
  0x65,0x3d,0x22,0x66,0x69,0x6c,0x6c,0x3a,0x23,0x30,0x63,0x38,0x61,0x30,0x30,0x3b,
  0x73,0x74,0x72,0x6f,0x6b,0x65,0x3a,0x23,0x33,0x33,0x38,0x30,0x30,0x30,0x3b,0x73,
  0x74,0x72,0x6f,0x6b,0x65,0x2d,0x77,0x69,0x64,0x74,0x68,0x3a,0x31,0x2e,0x30,0x30,
  0x38,0x33,0x37,0x3b,0x73,0x74,0x72,0x6f,0x6b,0x65,0x2d,0x64,0x61,0x73,0x68,0x61,
  0x72,0x72,0x61,0x79,0x3a,0x6e,0x6f,0x6e,0x65,0x3b,0x73,0x74,0x72,0x6f,0x6b,0x65,
  0x2d,0x6f,0x70,0x61,0x63,0x69,0x74,0x79,0x3a,0x31,0x3b,0x66,0x69,0x6c,0x6c,0x2d,
  0x6f,0x70,0x61,0x63,0x69,0x74,0x79,0x3a,0x31,0x22,0xa,0x20,0x20,0x20,0x20,0x20,
  0x20,0x20,0x64,0x3d,0x22,0x4d,0x20,0x31,0x2e,0x35,0x39,0x36,0x30,0x36,0x33,0x33,
  0x2c,0x31,0x31,0x2e,0x33,0x33,0x39,0x36,0x35,0x39,0x20,0x31,0x2e,0x36,0x33,0x33,
  0x35,0x33,0x34,0x39,0x2c,0x31,0x2e,0x30,0x32,0x37,0x34,0x38,0x30,0x34,0x22,0xa,
  0x20,0x20,0x20,0x20,0x20,0x20,0x20,0x69,0x64,0x3d,0x22,0x70,0x61,0x74,0x68,0x32,
  0x2d,0x38,0x2d,0x31,0x22,0x20,0x2f,0x3e,0xa,0x20,0x20,0x20,0x20,0x3c,0x70,0x61,
  0x74,0x68,0xa,0x20,0x20,0x20,0x20,0x20,0x20,0x20,0x73,0x74,0x79,0x6c,0x65,0x3d,
  0x22,0x66,0x69,0x6c,0x6c,0x3a,0x23,0x30,0x63,0x38,0x61,0x30,0x30,0x3b,0x66,0x69,
  0x6c,0x6c,0x2d,0x6f,0x70,0x61,0x63,0x69,0x74,0x79,0x3a,0x31,0x3b,0x73,0x74,0x72,
  0x6f,0x6b,0x65,0x3a,0x23,0x33,0x33,0x38,0x30,0x30,0x30,0x3b,0x73,0x74,0x72,0x6f,
  0x6b,0x65,0x2d,0x77,0x69,0x64,0x74,0x68,0x3a,0x31,0x2e,0x30,0x30,0x38,0x33,0x37,
  0x3b,0x73,0x74,0x72,0x6f,0x6b,0x65,0x2d,0x64,0x61,0x73,0x68,0x61,0x72,0x72,0x61,
  0x79,0x3a,0x6e,0x6f,0x6e,0x65,0x3b,0x73,0x74,0x72,0x6f,0x6b,0x65,0x2d,0x6f,0x70,
  0x61,0x63,0x69,0x74,0x79,0x3a,0x31,0x22,0xa,0x20,0x20,0x20,0x20,0x20,0x20,0x20,
  0x64,0x3d,0x22,0x6d,0x20,0x31,0x2e,0x32,0x39,0x38,0x31,0x38,0x34,0x39,0x2c,0x31,
  0x30,0x2e,0x38,0x33,0x37,0x33,0x38,0x31,0x20,0x31,0x30,0x2e,0x33,0x31,0x32,0x30,
  0x36,0x37,0x31,0x2c,0x30,0x2e,0x30,0x36,0x30,0x38,0x32,0x22,0xa,0x20,0x20,0x20,
  0x20,0x20,0x20,0x20,0x69,0x64,0x3d,0x22,0x70,0x61,0x74,0x68,0x32,0x2d,0x38,0x2d,
  0x31,0x2d,0x34,0x22,0x20,0x2f,0x3e,0xa,0x20,0x20,0x20,0x20,0x3c,0x72,0x65,0x63,
  0x74,0xa,0x20,0x20,0x20,0x20,0x20,0x20,0x20,0x73,0x74,0x79,0x6c,0x65,0x3d,0x22,
  0x66,0x69,0x6c,0x6c,0x3a,0x6e,0x6f,0x6e,0x65,0x3b,0x66,0x69,0x6c,0x6c,0x2d,0x6f,
  0x70,0x61,0x63,0x69,0x74,0x79,0x3a,0x31,0x3b,0x73,0x74,0x72,0x6f,0x6b,0x65,0x3a,
  0x23,0x38,0x30,0x30,0x30,0x30,0x30,0x3b,0x73,0x74,0x72,0x6f,0x6b,0x65,0x2d,0x77,
  0x69,0x64,0x74,0x68,0x3a,0x30,0x2e,0x38,0x38,0x33,0x36,0x32,0x36,0x3b,0x73,0x74,
  0x72,0x6f,0x6b,0x65,0x2d,0x64,0x61,0x73,0x68,0x61,0x72,0x72,0x61,0x79,0x3a,0x6e,
  0x6f,0x6e,0x65,0x3b,0x73,0x74,0x72,0x6f,0x6b,0x65,0x2d,0x6f,0x70,0x61,0x63,0x69,
  0x74,0x79,0x3a,0x31,0x22,0xa,0x20,0x20,0x20,0x20,0x20,0x20,0x20,0x69,0x64,0x3d,
  0x22,0x72,0x65,0x63,0x74,0x31,0x22,0xa,0x20,0x20,0x20,0x20,0x20,0x20,0x20,0x77,
  0x69,0x64,0x74,0x68,0x3d,0x22,0x33,0x2e,0x33,0x31,0x38,0x36,0x38,0x34,0x36,0x22,
  0xa,0x20,0x20,0x20,0x20,0x20,0x20,0x20,0x68,0x65,0x69,0x67,0x68,0x74,0x3d,0x22,
  0x33,0x2e,0x32,0x34,0x34,0x38,0x33,0x30,0x31,0x22,0xa,0x20,0x20,0x20,0x20,0x20,
  0x20,0x20,0x78,0x3d,0x22,0x32,0x2e,0x35,0x36,0x35,0x37,0x35,0x38,0x35,0x22,0xa,
  0x20,0x20,0x20,0x20,0x20,0x20,0x20,0x79,0x3d,0x22,0x36,0x2e,0x36,0x37,0x36,0x32,
  0x32,0x36,0x36,0x22,0x20,0x2f,0x3e,0xa,0x20,0x20,0x3c,0x2f,0x67,0x3e,0xa,0x3c,
  0x2f,0x73,0x76,0x67,0x3e,0xa,
    // referentiel_1_opt.svg
  0x0,0x0,0x6,0x6f,
  0x3c,
  0x3f,0x78,0x6d,0x6c,0x20,0x76,0x65,0x72,0x73,0x69,0x6f,0x6e,0x3d,0x22,0x31,0x2e,
  0x30,0x22,0x20,0x65,0x6e,0x63,0x6f,0x64,0x69,0x6e,0x67,0x3d,0x22,0x55,0x54,0x46,
  0x2d,0x38,0x22,0x3f,0x3e,0xa,0x3c,0x21,0x2d,0x2d,0x20,0x43,0x72,0x65,0x61,0x74,
  0x65,0x64,0x20,0x77,0x69,0x74,0x68,0x20,0x49,0x6e,0x6b,0x73,0x63,0x61,0x70,0x65,
  0x20,0x28,0x68,0x74,0x74,0x70,0x3a,0x2f,0x2f,0x77,0x77,0x77,0x2e,0x69,0x6e,0x6b,
  0x73,0x63,0x61,0x70,0x65,0x2e,0x6f,0x72,0x67,0x2f,0x29,0x20,0x2d,0x2d,0x3e,0xa,
  0x3c,0x73,0x76,0x67,0x20,0x77,0x69,0x64,0x74,0x68,0x3d,0x22,0x34,0x38,0x22,0x20,
  0x68,0x65,0x69,0x67,0x68,0x74,0x3d,0x22,0x34,0x38,0x22,0x20,0x76,0x65,0x72,0x73,
  0x69,0x6f,0x6e,0x3d,0x22,0x31,0x2e,0x31,0x22,0x20,0x76,0x69,0x65,0x77,0x42,0x6f,
  0x78,0x3d,0x22,0x30,0x20,0x30,0x20,0x31,0x32,0x2e,0x37,0x20,0x31,0x32,0x2e,0x37,
  0x22,0x20,0x78,0x6d,0x6c,0x6e,0x73,0x3d,0x22,0x68,0x74,0x74,0x70,0x3a,0x2f,0x2f,
  0x77,0x77,0x77,0x2e,0x77,0x33,0x2e,0x6f,0x72,0x67,0x2f,0x32,0x30,0x30,0x30,0x2f,
  0x73,0x76,0x67,0x22,0x3e,0xa,0x20,0x3c,0x64,0x65,0x66,0x73,0x3e,0xa,0x20,0x20,
  0x3c,0x6d,0x61,0x72,0x6b,0x65,0x72,0x20,0x69,0x64,0x3d,0x22,0x54,0x72,0x69,0x61,
  0x6e,0x67,0x6c,0x65,0x22,0x20,0x6f,0x76,0x65,0x72,0x66,0x6c,0x6f,0x77,0x3d,0x22,
  0x76,0x69,0x73,0x69,0x62,0x6c,0x65,0x22,0x20,0x6d,0x61,0x72,0x6b,0x65,0x72,0x48,
  0x65,0x69,0x67,0x68,0x74,0x3d,0x22,0x31,0x22,0x20,0x6d,0x61,0x72,0x6b,0x65,0x72,
  0x57,0x69,0x64,0x74,0x68,0x3d,0x22,0x31,0x22,0x20,0x6f,0x72,0x69,0x65,0x6e,0x74,
  0x3d,0x22,0x61,0x75,0x74,0x6f,0x2d,0x73,0x74,0x61,0x72,0x74,0x2d,0x72,0x65,0x76,
  0x65,0x72,0x73,0x65,0x22,0x20,0x70,0x72,0x65,0x73,0x65,0x72,0x76,0x65,0x41,0x73,
  0x70,0x65,0x63,0x74,0x52,0x61,0x74,0x69,0x6f,0x3d,0x22,0x78,0x4d,0x69,0x64,0x59,
  0x4d,0x69,0x64,0x22,0x20,0x76,0x69,0x65,0x77,0x42,0x6f,0x78,0x3d,0x22,0x30,0x20,
  0x30,0x20,0x31,0x20,0x31,0x22,0x3e,0xa,0x20,0x20,0x20,0x3c,0x70,0x61,0x74,0x68,
  0x20,0x74,0x72,0x61,0x6e,0x73,0x66,0x6f,0x72,0x6d,0x3d,0x22,0x73,0x63,0x61,0x6c,
  0x65,0x28,0x2e,0x35,0x29,0x22,0x20,0x64,0x3d,0x22,0x6d,0x35,0x2e,0x37,0x37,0x20,
  0x30,0x2d,0x38,0x2e,0x36,0x35,0x20,0x35,0x76,0x2d,0x31,0x30,0x7a,0x22,0x20,0x66,
  0x69,0x6c,0x6c,0x3d,0x22,0x63,0x6f,0x6e,0x74,0x65,0x78,0x74,0x2d,0x73,0x74,0x72,
  0x6f,0x6b,0x65,0x22,0x20,0x66,0x69,0x6c,0x6c,0x2d,0x72,0x75,0x6c,0x65,0x3d,0x22,
  0x65,0x76,0x65,0x6e,0x6f,0x64,0x64,0x22,0x20,0x73,0x74,0x72,0x6f,0x6b,0x65,0x3d,
  0x22,0x63,0x6f,0x6e,0x74,0x65,0x78,0x74,0x2d,0x73,0x74,0x72,0x6f,0x6b,0x65,0x22,
  0x20,0x73,0x74,0x72,0x6f,0x6b,0x65,0x2d,0x77,0x69,0x64,0x74,0x68,0x3d,0x22,0x31,
  0x70,0x74,0x22,0x2f,0x3e,0xa,0x20,0x20,0x3c,0x2f,0x6d,0x61,0x72,0x6b,0x65,0x72,
  0x3e,0xa,0x20,0x20,0x3c,0x6d,0x61,0x72,0x6b,0x65,0x72,0x20,0x69,0x64,0x3d,0x22,
  0x54,0x72,0x69,0x61,0x6e,0x67,0x6c,0x65,0x2d,0x34,0x22,0x20,0x6f,0x76,0x65,0x72,
  0x66,0x6c,0x6f,0x77,0x3d,0x22,0x76,0x69,0x73,0x69,0x62,0x6c,0x65,0x22,0x20,0x6d,
  0x61,0x72,0x6b,0x65,0x72,0x48,0x65,0x69,0x67,0x68,0x74,0x3d,0x22,0x31,0x22,0x20,
  0x6d,0x61,0x72,0x6b,0x65,0x72,0x57,0x69,0x64,0x74,0x68,0x3d,0x22,0x31,0x22,0x20,
  0x6f,0x72,0x69,0x65,0x6e,0x74,0x3d,0x22,0x61,0x75,0x74,0x6f,0x2d,0x73,0x74,0x61,
  0x72,0x74,0x2d,0x72,0x65,0x76,0x65,0x72,0x73,0x65,0x22,0x20,0x70,0x72,0x65,0x73,
  0x65,0x72,0x76,0x65,0x41,0x73,0x70,0x65,0x63,0x74,0x52,0x61,0x74,0x69,0x6f,0x3d,
  0x22,0x78,0x4d,0x69,0x64,0x59,0x4d,0x69,0x64,0x22,0x20,0x76,0x69,0x65,0x77,0x42,
  0x6f,0x78,0x3d,0x22,0x30,0x20,0x30,0x20,0x31,0x20,0x31,0x22,0x3e,0xa,0x20,0x20,
  0x20,0x3c,0x70,0x61,0x74,0x68,0x20,0x74,0x72,0x61,0x6e,0x73,0x66,0x6f,0x72,0x6d,
  0x3d,0x22,0x73,0x63,0x61,0x6c,0x65,0x28,0x2e,0x35,0x29,0x22,0x20,0x64,0x3d,0x22,
  0x6d,0x35,0x2e,0x37,0x37,0x20,0x30,0x2d,0x38,0x2e,0x36,0x35,0x20,0x35,0x76,0x2d,
  0x31,0x30,0x7a,0x22,0x20,0x66,0x69,0x6c,0x6c,0x3d,0x22,0x63,0x6f,0x6e,0x74,0x65,
  0x78,0x74,0x2d,0x73,0x74,0x72,0x6f,0x6b,0x65,0x22,0x20,0x66,0x69,0x6c,0x6c,0x2d,
  0x72,0x75,0x6c,0x65,0x3d,0x22,0x65,0x76,0x65,0x6e,0x6f,0x64,0x64,0x22,0x20,0x73,
  0x74,0x72,0x6f,0x6b,0x65,0x3d,0x22,0x63,0x6f,0x6e,0x74,0x65,0x78,0x74,0x2d,0x73,
  0x74,0x72,0x6f,0x6b,0x65,0x22,0x20,0x73,0x74,0x72,0x6f,0x6b,0x65,0x2d,0x77,0x69,
  0x64,0x74,0x68,0x3d,0x22,0x31,0x70,0x74,0x22,0x2f,0x3e,0xa,0x20,0x20,0x3c,0x2f,
  0x6d,0x61,0x72,0x6b,0x65,0x72,0x3e,0xa,0x20,0x20,0x3c,0x6d,0x61,0x72,0x6b,0x65,
  0x72,0x20,0x69,0x64,0x3d,0x22,0x54,0x72,0x69,0x61,0x6e,0x67,0x6c,0x65,0x2d,0x34,
  0x2d,0x36,0x22,0x20,0x6f,0x76,0x65,0x72,0x66,0x6c,0x6f,0x77,0x3d,0x22,0x76,0x69,
  0x73,0x69,0x62,0x6c,0x65,0x22,0x20,0x6d,0x61,0x72,0x6b,0x65,0x72,0x48,0x65,0x69,
  0x67,0x68,0x74,0x3d,0x22,0x31,0x22,0x20,0x6d,0x61,0x72,0x6b,0x65,0x72,0x57,0x69,
  0x64,0x74,0x68,0x3d,0x22,0x31,0x22,0x20,0x6f,0x72,0x69,0x65,0x6e,0x74,0x3d,0x22,
  0x61,0x75,0x74,0x6f,0x2d,0x73,0x74,0x61,0x72,0x74,0x2d,0x72,0x65,0x76,0x65,0x72,
  0x73,0x65,0x22,0x20,0x70,0x72,0x65,0x73,0x65,0x72,0x76,0x65,0x41,0x73,0x70,0x65,
  0x63,0x74,0x52,0x61,0x74,0x69,0x6f,0x3d,0x22,0x78,0x4d,0x69,0x64,0x59,0x4d,0x69,
  0x64,0x22,0x20,0x76,0x69,0x65,0x77,0x42,0x6f,0x78,0x3d,0x22,0x30,0x20,0x30,0x20,
  0x31,0x20,0x31,0x22,0x3e,0xa,0x20,0x20,0x20,0x3c,0x70,0x61,0x74,0x68,0x20,0x74,
  0x72,0x61,0x6e,0x73,0x66,0x6f,0x72,0x6d,0x3d,0x22,0x73,0x63,0x61,0x6c,0x65,0x28,
  0x2e,0x35,0x29,0x22,0x20,0x64,0x3d,0x22,0x6d,0x35,0x2e,0x37,0x37,0x20,0x30,0x2d,
  0x38,0x2e,0x36,0x35,0x20,0x35,0x76,0x2d,0x31,0x30,0x7a,0x22,0x20,0x66,0x69,0x6c,
  0x6c,0x3d,0x22,0x63,0x6f,0x6e,0x74,0x65,0x78,0x74,0x2d,0x73,0x74,0x72,0x6f,0x6b,
  0x65,0x22,0x20,0x66,0x69,0x6c,0x6c,0x2d,0x72,0x75,0x6c,0x65,0x3d,0x22,0x65,0x76,
  0x65,0x6e,0x6f,0x64,0x64,0x22,0x20,0x73,0x74,0x72,0x6f,0x6b,0x65,0x3d,0x22,0x63,
  0x6f,0x6e,0x74,0x65,0x78,0x74,0x2d,0x73,0x74,0x72,0x6f,0x6b,0x65,0x22,0x20,0x73,
  0x74,0x72,0x6f,0x6b,0x65,0x2d,0x77,0x69,0x64,0x74,0x68,0x3d,0x22,0x31,0x70,0x74,
  0x22,0x2f,0x3e,0xa,0x20,0x20,0x3c,0x2f,0x6d,0x61,0x72,0x6b,0x65,0x72,0x3e,0xa,
  0x20,0x3c,0x2f,0x64,0x65,0x66,0x73,0x3e,0xa,0x20,0x3c,0x67,0x20,0x73,0x74,0x72,
  0x6f,0x6b,0x65,0x2d,0x6d,0x69,0x74,0x65,0x72,0x6c,0x69,0x6d,0x69,0x74,0x3d,0x22,
  0x33,0x2e,0x36,0x22,0x3e,0xa,0x20,0x20,0x3c,0x67,0x20,0x66,0x69,0x6c,0x6c,0x3d,
  0x22,0x6e,0x6f,0x6e,0x65,0x22,0x3e,0xa,0x20,0x20,0x20,0x3c,0x70,0x61,0x74,0x68,
  0x20,0x64,0x3d,0x22,0x6d,0x36,0x2e,0x32,0x35,0x30,0x31,0x20,0x37,0x2e,0x34,0x32,
  0x36,0x33,0x76,0x2d,0x34,0x2e,0x38,0x38,0x31,0x35,0x22,0x20,0x6d,0x61,0x72,0x6b,
  0x65,0x72,0x2d,0x65,0x6e,0x64,0x3d,0x22,0x75,0x72,0x6c,0x28,0x23,0x54,0x72,0x69,
  0x61,0x6e,0x67,0x6c,0x65,0x29,0x22,0x20,0x73,0x74,0x72,0x6f,0x6b,0x65,0x3d,0x22,
  0x23,0x36,0x64,0x34,0x66,0x66,0x66,0x22,0x20,0x73,0x74,0x72,0x6f,0x6b,0x65,0x2d,
  0x77,0x69,0x64,0x74,0x68,0x3d,0x22,0x2e,0x36,0x22,0x2f,0x3e,0xa,0x20,0x20,0x20,
  0x3c,0x70,0x61,0x74,0x68,0x20,0x64,0x3d,0x22,0x6d,0x36,0x2e,0x34,0x30,0x35,0x38,
  0x20,0x37,0x2e,0x38,0x34,0x31,0x2d,0x34,0x2e,0x34,0x38,0x39,0x36,0x20,0x32,0x2e,
  0x39,0x34,0x35,0x35,0x22,0x20,0x6d,0x61,0x72,0x6b,0x65,0x72,0x2d,0x65,0x6e,0x64,
  0x3d,0x22,0x75,0x72,0x6c,0x28,0x23,0x54,0x72,0x69,0x61,0x6e,0x67,0x6c,0x65,0x2d,
  0x34,0x29,0x22,0x20,0x73,0x74,0x72,0x6f,0x6b,0x65,0x3d,0x22,0x23,0x30,0x30,0x62,
  0x36,0x36,0x35,0x22,0x20,0x73,0x74,0x72,0x6f,0x6b,0x65,0x2d,0x77,0x69,0x64,0x74,
  0x68,0x3d,0x22,0x2e,0x35,0x39,0x34,0x22,0x2f,0x3e,0xa,0x20,0x20,0x20,0x3c,0x70,
  0x61,0x74,0x68,0x20,0x64,0x3d,0x22,0x6d,0x36,0x2e,0x33,0x37,0x38,0x33,0x20,0x37,
  0x2e,0x39,0x32,0x20,0x34,0x2e,0x34,0x38,0x39,0x36,0x20,0x32,0x2e,0x39,0x34,0x35,
  0x35,0x22,0x20,0x6d,0x61,0x72,0x6b,0x65,0x72,0x2d,0x65,0x6e,0x64,0x3d,0x22,0x75,
  0x72,0x6c,0x28,0x23,0x54,0x72,0x69,0x61,0x6e,0x67,0x6c,0x65,0x2d,0x34,0x2d,0x36,
  0x29,0x22,0x20,0x73,0x74,0x72,0x6f,0x6b,0x65,0x3d,0x22,0x23,0x66,0x66,0x32,0x63,
  0x32,0x63,0x22,0x20,0x73,0x74,0x72,0x6f,0x6b,0x65,0x2d,0x77,0x69,0x64,0x74,0x68,
  0x3d,0x22,0x2e,0x35,0x39,0x34,0x22,0x2f,0x3e,0xa,0x20,0x20,0x3c,0x2f,0x67,0x3e,
  0xa,0x20,0x20,0x3c,0x65,0x6c,0x6c,0x69,0x70,0x73,0x65,0x20,0x63,0x78,0x3d,0x22,
  0x36,0x2e,0x32,0x34,0x30,0x36,0x22,0x20,0x63,0x79,0x3d,0x22,0x37,0x2e,0x39,0x38,
  0x33,0x22,0x20,0x72,0x78,0x3d,0x22,0x2e,0x34,0x35,0x35,0x35,0x32,0x22,0x20,0x72,
  0x79,0x3d,0x22,0x2e,0x34,0x36,0x36,0x39,0x31,0x22,0x20,0x66,0x69,0x6c,0x6c,0x3d,
  0x22,0x23,0x34,0x35,0x34,0x35,0x34,0x35,0x22,0x20,0x73,0x74,0x72,0x6f,0x6b,0x65,
  0x3d,0x22,0x23,0x34,0x36,0x34,0x36,0x34,0x36,0x22,0x20,0x73,0x74,0x72,0x6f,0x6b,
  0x65,0x2d,0x77,0x69,0x64,0x74,0x68,0x3d,0x22,0x2e,0x34,0x33,0x33,0x22,0x2f,0x3e,
  0xa,0x20,0x3c,0x2f,0x67,0x3e,0xa,0x3c,0x2f,0x73,0x76,0x67,0x3e,0xa,
    // sketch_constraint_horizontal.svg
  0x0,0x0,0xb,0x30,
  0x3c,
  0x3f,0x78,0x6d,0x6c,0x20,0x76,0x65,0x72,0x73,0x69,0x6f,0x6e,0x3d,0x22,0x31,0x2e,
  0x30,0x22,0x20,0x65,0x6e,0x63,0x6f,0x64,0x69,0x6e,0x67,0x3d,0x22,0x55,0x54,0x46,
  0x2d,0x38,0x22,0x20,0x73,0x74,0x61,0x6e,0x64,0x61,0x6c,0x6f,0x6e,0x65,0x3d,0x22,
  0x6e,0x6f,0x22,0x3f,0x3e,0xa,0x3c,0x21,0x2d,0x2d,0x20,0x43,0x72,0x65,0x61,0x74,
  0x65,0x64,0x20,0x77,0x69,0x74,0x68,0x20,0x49,0x6e,0x6b,0x73,0x63,0x61,0x70,0x65,
  0x20,0x28,0x68,0x74,0x74,0x70,0x3a,0x2f,0x2f,0x77,0x77,0x77,0x2e,0x69,0x6e,0x6b,
  0x73,0x63,0x61,0x70,0x65,0x2e,0x6f,0x72,0x67,0x2f,0x29,0x20,0x2d,0x2d,0x3e,0xa,
  0xa,0x3c,0x73,0x76,0x67,0xa,0x20,0x20,0x20,0x77,0x69,0x64,0x74,0x68,0x3d,0x22,
  0x34,0x38,0x22,0xa,0x20,0x20,0x20,0x68,0x65,0x69,0x67,0x68,0x74,0x3d,0x22,0x34,
  0x38,0x22,0xa,0x20,0x20,0x20,0x76,0x69,0x65,0x77,0x42,0x6f,0x78,0x3d,0x22,0x30,
  0x20,0x30,0x20,0x31,0x32,0x2e,0x37,0x20,0x31,0x32,0x2e,0x37,0x22,0xa,0x20,0x20,
  0x20,0x76,0x65,0x72,0x73,0x69,0x6f,0x6e,0x3d,0x22,0x31,0x2e,0x31,0x22,0xa,0x20,
  0x20,0x20,0x69,0x64,0x3d,0x22,0x73,0x76,0x67,0x31,0x22,0xa,0x20,0x20,0x20,0x69,
  0x6e,0x6b,0x73,0x63,0x61,0x70,0x65,0x3a,0x76,0x65,0x72,0x73,0x69,0x6f,0x6e,0x3d,
  0x22,0x31,0x2e,0x34,0x2e,0x32,0x20,0x28,0x66,0x34,0x33,0x32,0x37,0x66,0x34,0x2c,
  0x20,0x32,0x30,0x32,0x35,0x2d,0x30,0x35,0x2d,0x31,0x33,0x29,0x22,0xa,0x20,0x20,
  0x20,0x73,0x6f,0x64,0x69,0x70,0x6f,0x64,0x69,0x3a,0x64,0x6f,0x63,0x6e,0x61,0x6d,
  0x65,0x3d,0x22,0x73,0x6b,0x65,0x74,0x63,0x68,0x5f,0x63,0x6f,0x6e,0x73,0x74,0x72,
  0x61,0x69,0x6e,0x74,0x5f,0x68,0x6f,0x72,0x69,0x7a,0x6f,0x6e,0x74,0x61,0x6c,0x2e,
  0x73,0x76,0x67,0x22,0xa,0x20,0x20,0x20,0x78,0x6d,0x6c,0x6e,0x73,0x3a,0x69,0x6e,
  0x6b,0x73,0x63,0x61,0x70,0x65,0x3d,0x22,0x68,0x74,0x74,0x70,0x3a,0x2f,0x2f,0x77,
  0x77,0x77,0x2e,0x69,0x6e,0x6b,0x73,0x63,0x61,0x70,0x65,0x2e,0x6f,0x72,0x67,0x2f,
  0x6e,0x61,0x6d,0x65,0x73,0x70,0x61,0x63,0x65,0x73,0x2f,0x69,0x6e,0x6b,0x73,0x63,
  0x61,0x70,0x65,0x22,0xa,0x20,0x20,0x20,0x78,0x6d,0x6c,0x6e,0x73,0x3a,0x73,0x6f,
  0x64,0x69,0x70,0x6f,0x64,0x69,0x3d,0x22,0x68,0x74,0x74,0x70,0x3a,0x2f,0x2f,0x73,
  0x6f,0x64,0x69,0x70,0x6f,0x64,0x69,0x2e,0x73,0x6f,0x75,0x72,0x63,0x65,0x66,0x6f,
  0x72,0x67,0x65,0x2e,0x6e,0x65,0x74,0x2f,0x44,0x54,0x44,0x2f,0x73,0x6f,0x64,0x69,
  0x70,0x6f,0x64,0x69,0x2d,0x30,0x2e,0x64,0x74,0x64,0x22,0xa,0x20,0x20,0x20,0x78,
  0x6d,0x6c,0x6e,0x73,0x3d,0x22,0x68,0x74,0x74,0x70,0x3a,0x2f,0x2f,0x77,0x77,0x77,
  0x2e,0x77,0x33,0x2e,0x6f,0x72,0x67,0x2f,0x32,0x30,0x30,0x30,0x2f,0x73,0x76,0x67,
  0x22,0xa,0x20,0x20,0x20,0x78,0x6d,0x6c,0x6e,0x73,0x3a,0x73,0x76,0x67,0x3d,0x22,
  0x68,0x74,0x74,0x70,0x3a,0x2f,0x2f,0x77,0x77,0x77,0x2e,0x77,0x33,0x2e,0x6f,0x72,
  0x67,0x2f,0x32,0x30,0x30,0x30,0x2f,0x73,0x76,0x67,0x22,0x3e,0xa,0x20,0x20,0x3c,
  0x73,0x6f,0x64,0x69,0x70,0x6f,0x64,0x69,0x3a,0x6e,0x61,0x6d,0x65,0x64,0x76,0x69,
  0x65,0x77,0xa,0x20,0x20,0x20,0x20,0x20,0x69,0x64,0x3d,0x22,0x6e,0x61,0x6d,0x65,
  0x64,0x76,0x69,0x65,0x77,0x31,0x22,0xa,0x20,0x20,0x20,0x20,0x20,0x70,0x61,0x67,
  0x65,0x63,0x6f,0x6c,0x6f,0x72,0x3d,0x22,0x23,0x66,0x66,0x66,0x66,0x66,0x66,0x22,
  0xa,0x20,0x20,0x20,0x20,0x20,0x62,0x6f,0x72,0x64,0x65,0x72,0x63,0x6f,0x6c,0x6f,
  0x72,0x3d,0x22,0x23,0x30,0x30,0x30,0x30,0x30,0x30,0x22,0xa,0x20,0x20,0x20,0x20,
  0x20,0x62,0x6f,0x72,0x64,0x65,0x72,0x6f,0x70,0x61,0x63,0x69,0x74,0x79,0x3d,0x22,
  0x30,0x2e,0x32,0x35,0x22,0xa,0x20,0x20,0x20,0x20,0x20,0x69,0x6e,0x6b,0x73,0x63,
  0x61,0x70,0x65,0x3a,0x73,0x68,0x6f,0x77,0x70,0x61,0x67,0x65,0x73,0x68,0x61,0x64,
  0x6f,0x77,0x3d,0x22,0x32,0x22,0xa,0x20,0x20,0x20,0x20,0x20,0x69,0x6e,0x6b,0x73,
  0x63,0x61,0x70,0x65,0x3a,0x70,0x61,0x67,0x65,0x6f,0x70,0x61,0x63,0x69,0x74,0x79,
  0x3d,0x22,0x30,0x2e,0x30,0x22,0xa,0x20,0x20,0x20,0x20,0x20,0x69,0x6e,0x6b,0x73,
  0x63,0x61,0x70,0x65,0x3a,0x70,0x61,0x67,0x65,0x63,0x68,0x65,0x63,0x6b,0x65,0x72,
  0x62,0x6f,0x61,0x72,0x64,0x3d,0x22,0x30,0x22,0xa,0x20,0x20,0x20,0x20,0x20,0x69,
  0x6e,0x6b,0x73,0x63,0x61,0x70,0x65,0x3a,0x64,0x65,0x73,0x6b,0x63,0x6f,0x6c,0x6f,
  0x72,0x3d,0x22,0x23,0x64,0x31,0x64,0x31,0x64,0x31,0x22,0xa,0x20,0x20,0x20,0x20,
  0x20,0x69,0x6e,0x6b,0x73,0x63,0x61,0x70,0x65,0x3a,0x64,0x6f,0x63,0x75,0x6d,0x65,
  0x6e,0x74,0x2d,0x75,0x6e,0x69,0x74,0x73,0x3d,0x22,0x6d,0x6d,0x22,0xa,0x20,0x20,
  0x20,0x20,0x20,0x73,0x68,0x6f,0x77,0x67,0x75,0x69,0x64,0x65,0x73,0x3d,0x22,0x74,
  0x72,0x75,0x65,0x22,0xa,0x20,0x20,0x20,0x20,0x20,0x69,0x6e,0x6b,0x73,0x63,0x61,
  0x70,0x65,0x3a,0x7a,0x6f,0x6f,0x6d,0x3d,0x22,0x31,0x31,0x2e,0x36,0x31,0x36,0x37,
  0x32,0x33,0x22,0xa,0x20,0x20,0x20,0x20,0x20,0x69,0x6e,0x6b,0x73,0x63,0x61,0x70,
  0x65,0x3a,0x63,0x78,0x3d,0x22,0x2d,0x31,0x35,0x2e,0x38,0x33,0x39,0x32,0x33,0x35,
  0x22,0xa,0x20,0x20,0x20,0x20,0x20,0x69,0x6e,0x6b,0x73,0x63,0x61,0x70,0x65,0x3a,
  0x63,0x79,0x3d,0x22,0x32,0x31,0x2e,0x36,0x34,0x39,0x38,0x32,0x33,0x22,0xa,0x20,
  0x20,0x20,0x20,0x20,0x69,0x6e,0x6b,0x73,0x63,0x61,0x70,0x65,0x3a,0x77,0x69,0x6e,
  0x64,0x6f,0x77,0x2d,0x77,0x69,0x64,0x74,0x68,0x3d,0x22,0x31,0x39,0x32,0x30,0x22,
  0xa,0x20,0x20,0x20,0x20,0x20,0x69,0x6e,0x6b,0x73,0x63,0x61,0x70,0x65,0x3a,0x77,
  0x69,0x6e,0x64,0x6f,0x77,0x2d,0x68,0x65,0x69,0x67,0x68,0x74,0x3d,0x22,0x31,0x30,
  0x31,0x37,0x22,0xa,0x20,0x20,0x20,0x20,0x20,0x69,0x6e,0x6b,0x73,0x63,0x61,0x70,
  0x65,0x3a,0x77,0x69,0x6e,0x64,0x6f,0x77,0x2d,0x78,0x3d,0x22,0x31,0x39,0x31,0x32,
  0x22,0xa,0x20,0x20,0x20,0x20,0x20,0x69,0x6e,0x6b,0x73,0x63,0x61,0x70,0x65,0x3a,
  0x77,0x69,0x6e,0x64,0x6f,0x77,0x2d,0x79,0x3d,0x22,0x2d,0x38,0x22,0xa,0x20,0x20,
  0x20,0x20,0x20,0x69,0x6e,0x6b,0x73,0x63,0x61,0x70,0x65,0x3a,0x77,0x69,0x6e,0x64,
  0x6f,0x77,0x2d,0x6d,0x61,0x78,0x69,0x6d,0x69,0x7a,0x65,0x64,0x3d,0x22,0x31,0x22,
  0xa,0x20,0x20,0x20,0x20,0x20,0x69,0x6e,0x6b,0x73,0x63,0x61,0x70,0x65,0x3a,0x63,
  0x75,0x72,0x72,0x65,0x6e,0x74,0x2d,0x6c,0x61,0x79,0x65,0x72,0x3d,0x22,0x6c,0x61,
  0x79,0x65,0x72,0x31,0x22,0x3e,0xa,0x20,0x20,0x20,0x20,0x3c,0x73,0x6f,0x64,0x69,
  0x70,0x6f,0x64,0x69,0x3a,0x67,0x75,0x69,0x64,0x65,0xa,0x20,0x20,0x20,0x20,0x20,
  0x20,0x20,0x70,0x6f,0x73,0x69,0x74,0x69,0x6f,0x6e,0x3d,0x22,0x31,0x32,0x39,0x2e,
  0x30,0x30,0x33,0x36,0x38,0x2c,0x32,0x37,0x31,0x2e,0x31,0x32,0x36,0x33,0x38,0x22,
  0xa,0x20,0x20,0x20,0x20,0x20,0x20,0x20,0x6f,0x72,0x69,0x65,0x6e,0x74,0x61,0x74,
  0x69,0x6f,0x6e,0x3d,0x22,0x30,0x2c,0x2d,0x31,0x22,0xa,0x20,0x20,0x20,0x20,0x20,
  0x20,0x20,0x69,0x64,0x3d,0x22,0x67,0x75,0x69,0x64,0x65,0x36,0x22,0xa,0x20,0x20,
  0x20,0x20,0x20,0x20,0x20,0x69,0x6e,0x6b,0x73,0x63,0x61,0x70,0x65,0x3a,0x6c,0x6f,
  0x63,0x6b,0x65,0x64,0x3d,0x22,0x66,0x61,0x6c,0x73,0x65,0x22,0x20,0x2f,0x3e,0xa,
  0x20,0x20,0x3c,0x2f,0x73,0x6f,0x64,0x69,0x70,0x6f,0x64,0x69,0x3a,0x6e,0x61,0x6d,
  0x65,0x64,0x76,0x69,0x65,0x77,0x3e,0xa,0x20,0x20,0x3c,0x64,0x65,0x66,0x73,0xa,
  0x20,0x20,0x20,0x20,0x20,0x69,0x64,0x3d,0x22,0x64,0x65,0x66,0x73,0x31,0x22,0x3e,
  0xa,0x20,0x20,0x20,0x20,0x3c,0x69,0x6e,0x6b,0x73,0x63,0x61,0x70,0x65,0x3a,0x70,
  0x61,0x74,0x68,0x2d,0x65,0x66,0x66,0x65,0x63,0x74,0xa,0x20,0x20,0x20,0x20,0x20,
  0x20,0x20,0x65,0x66,0x66,0x65,0x63,0x74,0x3d,0x22,0x73,0x70,0x69,0x72,0x6f,0x22,
  0xa,0x20,0x20,0x20,0x20,0x20,0x20,0x20,0x69,0x64,0x3d,0x22,0x70,0x61,0x74,0x68,
  0x2d,0x65,0x66,0x66,0x65,0x63,0x74,0x33,0x22,0xa,0x20,0x20,0x20,0x20,0x20,0x20,
  0x20,0x69,0x73,0x5f,0x76,0x69,0x73,0x69,0x62,0x6c,0x65,0x3d,0x22,0x74,0x72,0x75,
  0x65,0x22,0xa,0x20,0x20,0x20,0x20,0x20,0x20,0x20,0x6c,0x70,0x65,0x76,0x65,0x72,
  0x73,0x69,0x6f,0x6e,0x3d,0x22,0x31,0x22,0x20,0x2f,0x3e,0xa,0x20,0x20,0x20,0x20,
  0x3c,0x69,0x6e,0x6b,0x73,0x63,0x61,0x70,0x65,0x3a,0x70,0x61,0x74,0x68,0x2d,0x65,
  0x66,0x66,0x65,0x63,0x74,0xa,0x20,0x20,0x20,0x20,0x20,0x20,0x20,0x65,0x66,0x66,
  0x65,0x63,0x74,0x3d,0x22,0x73,0x70,0x69,0x72,0x6f,0x22,0xa,0x20,0x20,0x20,0x20,
  0x20,0x20,0x20,0x69,0x64,0x3d,0x22,0x70,0x61,0x74,0x68,0x2d,0x65,0x66,0x66,0x65,
  0x63,0x74,0x32,0x22,0xa,0x20,0x20,0x20,0x20,0x20,0x20,0x20,0x69,0x73,0x5f,0x76,
  0x69,0x73,0x69,0x62,0x6c,0x65,0x3d,0x22,0x74,0x72,0x75,0x65,0x22,0xa,0x20,0x20,
  0x20,0x20,0x20,0x20,0x20,0x6c,0x70,0x65,0x76,0x65,0x72,0x73,0x69,0x6f,0x6e,0x3d,
  0x22,0x31,0x22,0x20,0x2f,0x3e,0xa,0x20,0x20,0x20,0x20,0x3c,0x69,0x6e,0x6b,0x73,
  0x63,0x61,0x70,0x65,0x3a,0x70,0x61,0x74,0x68,0x2d,0x65,0x66,0x66,0x65,0x63,0x74,
  0xa,0x20,0x20,0x20,0x20,0x20,0x20,0x20,0x65,0x66,0x66,0x65,0x63,0x74,0x3d,0x22,
  0x73,0x70,0x69,0x72,0x6f,0x22,0xa,0x20,0x20,0x20,0x20,0x20,0x20,0x20,0x69,0x64,
  0x3d,0x22,0x70,0x61,0x74,0x68,0x2d,0x65,0x66,0x66,0x65,0x63,0x74,0x31,0x22,0xa,
  0x20,0x20,0x20,0x20,0x20,0x20,0x20,0x69,0x73,0x5f,0x76,0x69,0x73,0x69,0x62,0x6c,
  0x65,0x3d,0x22,0x74,0x72,0x75,0x65,0x22,0xa,0x20,0x20,0x20,0x20,0x20,0x20,0x20,
  0x6c,0x70,0x65,0x76,0x65,0x72,0x73,0x69,0x6f,0x6e,0x3d,0x22,0x31,0x22,0x20,0x2f,
  0x3e,0xa,0x20,0x20,0x20,0x20,0x3c,0x6c,0x69,0x6e,0x65,0x61,0x72,0x47,0x72,0x61,
  0x64,0x69,0x65,0x6e,0x74,0xa,0x20,0x20,0x20,0x20,0x20,0x20,0x20,0x69,0x64,0x3d,
  0x22,0x73,0x77,0x61,0x74,0x63,0x68,0x32,0x38,0x22,0x3e,0xa,0x20,0x20,0x20,0x20,
  0x20,0x20,0x3c,0x73,0x74,0x6f,0x70,0xa,0x20,0x20,0x20,0x20,0x20,0x20,0x20,0x20,
  0x20,0x73,0x74,0x79,0x6c,0x65,0x3d,0x22,0x73,0x74,0x6f,0x70,0x2d,0x63,0x6f,0x6c,
  0x6f,0x72,0x3a,0x23,0x30,0x30,0x30,0x30,0x30,0x30,0x3b,0x73,0x74,0x6f,0x70,0x2d,
  0x6f,0x70,0x61,0x63,0x69,0x74,0x79,0x3a,0x31,0x3b,0x22,0xa,0x20,0x20,0x20,0x20,
  0x20,0x20,0x20,0x20,0x20,0x6f,0x66,0x66,0x73,0x65,0x74,0x3d,0x22,0x30,0x22,0xa,
  0x20,0x20,0x20,0x20,0x20,0x20,0x20,0x20,0x20,0x69,0x64,0x3d,0x22,0x73,0x74,0x6f,
  0x70,0x32,0x38,0x22,0x20,0x2f,0x3e,0xa,0x20,0x20,0x20,0x20,0x3c,0x2f,0x6c,0x69,
  0x6e,0x65,0x61,0x72,0x47,0x72,0x61,0x64,0x69,0x65,0x6e,0x74,0x3e,0xa,0x20,0x20,
  0x20,0x20,0x3c,0x69,0x6e,0x6b,0x73,0x63,0x61,0x70,0x65,0x3a,0x70,0x65,0x72,0x73,
  0x70,0x65,0x63,0x74,0x69,0x76,0x65,0xa,0x20,0x20,0x20,0x20,0x20,0x20,0x20,0x73,
  0x6f,0x64,0x69,0x70,0x6f,0x64,0x69,0x3a,0x74,0x79,0x70,0x65,0x3d,0x22,0x69,0x6e,
  0x6b,0x73,0x63,0x61,0x70,0x65,0x3a,0x70,0x65,0x72,0x73,0x70,0x33,0x64,0x22,0xa,
  0x20,0x20,0x20,0x20,0x20,0x20,0x20,0x69,0x6e,0x6b,0x73,0x63,0x61,0x70,0x65,0x3a,
  0x76,0x70,0x5f,0x78,0x3d,0x22,0x2d,0x32,0x34,0x2e,0x30,0x31,0x31,0x35,0x37,0x36,
  0x20,0x3a,0x20,0x31,0x34,0x2e,0x30,0x32,0x31,0x33,0x34,0x33,0x20,0x3a,0x20,0x31,
  0x22,0xa,0x20,0x20,0x20,0x20,0x20,0x20,0x20,0x69,0x6e,0x6b,0x73,0x63,0x61,0x70,
  0x65,0x3a,0x76,0x70,0x5f,0x79,0x3d,0x22,0x30,0x20,0x3a,0x20,0x39,0x39,0x39,0x2e,
  0x39,0x39,0x39,0x39,0x38,0x20,0x3a,0x20,0x30,0x22,0xa,0x20,0x20,0x20,0x20,0x20,
  0x20,0x20,0x69,0x6e,0x6b,0x73,0x63,0x61,0x70,0x65,0x3a,0x76,0x70,0x5f,0x7a,0x3d,
  0x22,0x33,0x31,0x2e,0x34,0x38,0x34,0x39,0x31,0x20,0x3a,0x20,0x31,0x35,0x2e,0x37,
  0x37,0x39,0x35,0x35,0x39,0x20,0x3a,0x20,0x31,0x22,0xa,0x20,0x20,0x20,0x20,0x20,
  0x20,0x20,0x69,0x6e,0x6b,0x73,0x63,0x61,0x70,0x65,0x3a,0x70,0x65,0x72,0x73,0x70,
  0x33,0x64,0x2d,0x6f,0x72,0x69,0x67,0x69,0x6e,0x3d,0x22,0x31,0x30,0x35,0x20,0x3a,
  0x20,0x2d,0x31,0x38,0x35,0x2e,0x33,0x20,0x3a,0x20,0x31,0x22,0xa,0x20,0x20,0x20,
  0x20,0x20,0x20,0x20,0x69,0x64,0x3d,0x22,0x70,0x65,0x72,0x73,0x70,0x65,0x63,0x74,
  0x69,0x76,0x65,0x31,0x22,0x20,0x2f,0x3e,0xa,0x20,0x20,0x3c,0x2f,0x64,0x65,0x66,
  0x73,0x3e,0xa,0x20,0x20,0x3c,0x67,0xa,0x20,0x20,0x20,0x20,0x20,0x69,0x6e,0x6b,
  0x73,0x63,0x61,0x70,0x65,0x3a,0x6c,0x61,0x62,0x65,0x6c,0x3d,0x22,0x4c,0x61,0x79,
  0x65,0x72,0x20,0x31,0x22,0xa,0x20,0x20,0x20,0x20,0x20,0x69,0x6e,0x6b,0x73,0x63,
  0x61,0x70,0x65,0x3a,0x67,0x72,0x6f,0x75,0x70,0x6d,0x6f,0x64,0x65,0x3d,0x22,0x6c,
  0x61,0x79,0x65,0x72,0x22,0xa,0x20,0x20,0x20,0x20,0x20,0x69,0x64,0x3d,0x22,0x6c,
  0x61,0x79,0x65,0x72,0x31,0x22,0x3e,0xa,0x20,0x20,0x20,0x20,0x3c,0x70,0x61,0x74,
  0x68,0xa,0x20,0x20,0x20,0x20,0x20,0x20,0x20,0x73,0x74,0x79,0x6c,0x65,0x3d,0x22,
  0x66,0x69,0x6c,0x6c,0x3a,0x23,0x30,0x63,0x38,0x61,0x30,0x30,0x3b,0x66,0x69,0x6c,
  0x6c,0x2d,0x6f,0x70,0x61,0x63,0x69,0x74,0x79,0x3a,0x31,0x3b,0x73,0x74,0x72,0x6f,
  0x6b,0x65,0x3a,0x23,0x33,0x33,0x38,0x30,0x30,0x30,0x3b,0x73,0x74,0x72,0x6f,0x6b,
  0x65,0x2d,0x77,0x69,0x64,0x74,0x68,0x3a,0x31,0x2e,0x30,0x38,0x35,0x33,0x31,0x3b,
  0x73,0x74,0x72,0x6f,0x6b,0x65,0x2d,0x64,0x61,0x73,0x68,0x61,0x72,0x72,0x61,0x79,
  0x3a,0x6e,0x6f,0x6e,0x65,0x3b,0x73,0x74,0x72,0x6f,0x6b,0x65,0x2d,0x6f,0x70,0x61,
  0x63,0x69,0x74,0x79,0x3a,0x31,0x22,0xa,0x20,0x20,0x20,0x20,0x20,0x20,0x20,0x64,
  0x3d,0x22,0x6d,0x20,0x30,0x2e,0x33,0x30,0x37,0x33,0x39,0x32,0x34,0x32,0x2c,0x36,
  0x2e,0x31,0x39,0x34,0x35,0x30,0x34,0x34,0x20,0x31,0x32,0x2e,0x30,0x30,0x32,0x33,
  0x33,0x33,0x35,0x38,0x2c,0x30,0x2e,0x30,0x33,0x37,0x33,0x22,0xa,0x20,0x20,0x20,
  0x20,0x20,0x20,0x20,0x69,0x64,0x3d,0x22,0x70,0x61,0x74,0x68,0x32,0x2d,0x38,0x2d,
  0x31,0x22,0x20,0x2f,0x3e,0xa,0x20,0x20,0x20,0x20,0x3c,0x70,0x61,0x74,0x68,0xa,
  0x20,0x20,0x20,0x20,0x20,0x20,0x20,0x73,0x74,0x79,0x6c,0x65,0x3d,0x22,0x66,0x69,
  0x6c,0x6c,0x3a,0x6e,0x6f,0x6e,0x65,0x3b,0x66,0x69,0x6c,0x6c,0x2d,0x6f,0x70,0x61,
  0x63,0x69,0x74,0x79,0x3a,0x31,0x3b,0x73,0x74,0x72,0x6f,0x6b,0x65,0x3a,0x23,0x62,
  0x64,0x30,0x30,0x31,0x32,0x3b,0x73,0x74,0x72,0x6f,0x6b,0x65,0x2d,0x77,0x69,0x64,
  0x74,0x68,0x3a,0x30,0x2e,0x37,0x34,0x32,0x37,0x35,0x35,0x3b,0x73,0x74,0x72,0x6f,
  0x6b,0x65,0x2d,0x64,0x61,0x73,0x68,0x61,0x72,0x72,0x61,0x79,0x3a,0x6e,0x6f,0x6e,
  0x65,0x3b,0x73,0x74,0x72,0x6f,0x6b,0x65,0x2d,0x6f,0x70,0x61,0x63,0x69,0x74,0x79,
  0x3a,0x31,0x22,0xa,0x20,0x20,0x20,0x20,0x20,0x20,0x20,0x64,0x3d,0x22,0x6d,0x20,
  0x33,0x2e,0x35,0x34,0x39,0x38,0x30,0x34,0x39,0x2c,0x38,0x2e,0x30,0x35,0x31,0x38,
  0x31,0x30,0x32,0x20,0x35,0x2e,0x35,0x32,0x32,0x31,0x38,0x30,0x32,0x2c,0x30,0x2e,
  0x30,0x33,0x37,0x39,0x37,0x22,0xa,0x20,0x20,0x20,0x20,0x20,0x20,0x20,0x69,0x64,
  0x3d,0x22,0x70,0x61,0x74,0x68,0x32,0x2d,0x38,0x2d,0x31,0x2d,0x37,0x22,0x20,0x2f,
  0x3e,0xa,0x20,0x20,0x20,0x20,0x3c,0x70,0x61,0x74,0x68,0xa,0x20,0x20,0x20,0x20,
  0x20,0x20,0x20,0x73,0x74,0x79,0x6c,0x65,0x3d,0x22,0x66,0x69,0x6c,0x6c,0x3a,0x6e,
  0x6f,0x6e,0x65,0x3b,0x66,0x69,0x6c,0x6c,0x2d,0x6f,0x70,0x61,0x63,0x69,0x74,0x79,
  0x3a,0x31,0x3b,0x73,0x74,0x72,0x6f,0x6b,0x65,0x3a,0x23,0x62,0x64,0x30,0x30,0x31,
  0x32,0x3b,0x73,0x74,0x72,0x6f,0x6b,0x65,0x2d,0x77,0x69,0x64,0x74,0x68,0x3a,0x30,
  0x2e,0x37,0x34,0x32,0x37,0x35,0x35,0x3b,0x73,0x74,0x72,0x6f,0x6b,0x65,0x2d,0x64,
  0x61,0x73,0x68,0x61,0x72,0x72,0x61,0x79,0x3a,0x6e,0x6f,0x6e,0x65,0x3b,0x73,0x74,
  0x72,0x6f,0x6b,0x65,0x2d,0x6f,0x70,0x61,0x63,0x69,0x74,0x79,0x3a,0x31,0x22,0xa,
  0x20,0x20,0x20,0x20,0x20,0x20,0x20,0x64,0x3d,0x22,0x6d,0x20,0x33,0x2e,0x36,0x30,
  0x38,0x35,0x35,0x33,0x35,0x2c,0x34,0x2e,0x33,0x34,0x36,0x33,0x31,0x32,0x36,0x20,
  0x35,0x2e,0x35,0x32,0x32,0x31,0x38,0x30,0x38,0x2c,0x30,0x2e,0x30,0x33,0x37,0x39,
  0x36,0x36,0x22,0xa,0x20,0x20,0x20,0x20,0x20,0x20,0x20,0x69,0x64,0x3d,0x22,0x70,
  0x61,0x74,0x68,0x32,0x2d,0x38,0x2d,0x31,0x2d,0x37,0x2d,0x32,0x22,0x20,0x2f,0x3e,
  0xa,0x20,0x20,0x3c,0x2f,0x67,0x3e,0xa,0x3c,0x2f,0x73,0x76,0x67,0x3e,0xa,
    // sketch_rectangle_edges.svg
  0x0,0x0,0x5,0x12,
  0x28,
  0xb5,0x2f,0xfd,0x60,0x60,0x12,0x45,0x28,0x0,0x86,0x3c,0xaf,0x24,0x0,0x8f,0xe6,
  0x1,0x7b,0xe4,0x22,0x42,0x7e,0x7,0x1d,0x38,0x9,0x23,0xd0,0x6a,0xdc,0x7d,0x5f,
  0xff,0xbf,0xa9,0x2c,0xb7,0xb0,0x77,0x22,0xca,0x8d,0x76,0x8f,0xaa,0xaa,0x28,0x62,
  0x78,0xb0,0x0,0xa5,0x0,0xa5,0x0,0xce,0x52,0x77,0x65,0xbe,0x14,0x22,0x14,0x1c,
  0xdb,0x4e,0xcc,0x42,0xf6,0xc9,0x14,0xac,0x99,0x43,0xdb,0xc7,0x99,0x68,0xd5,0x3c,
  0xf4,0xc4,0xb4,0x8d,0xaa,0xa5,0xb0,0x52,0xf4,0xd8,0x4c,0x1,0x79,0xb6,0x8d,0x58,
  0x89,0x33,0x3d,0xb8,0x3e,0x26,0x7a,0xc0,0xfd,0x82,0xbe,0x60,0xf3,0xc6,0x34,0x1e,
  0x24,0x9b,0x7b,0x90,0x0,0xd3,0xd8,0x7b,0xa8,0xa6,0xde,0x97,0xac,0x3d,0xe3,0x8c,
  0xab,0xc6,0x2,0x23,0x58,0xec,0xad,0x6c,0x48,0x74,0x2d,0x44,0xcd,0xa7,0x1a,0xc8,
  0xae,0xc,0xc3,0x88,0x2a,0xba,0x80,0xc1,0x30,0x58,0x8b,0x19,0x70,0x44,0x19,0xb3,
  0xcb,0x2c,0x16,0x8b,0xc3,0xf1,0x98,0xec,0xd,0x11,0x60,0xec,0xc4,0x79,0x74,0x64,
  0x72,0x60,0x20,0xfb,0x5a,0x98,0x6a,0xb7,0x63,0x73,0x2,0xb3,0x16,0x40,0x1,0xc3,
  0xe0,0x40,0xe1,0x49,0x35,0x76,0xc2,0x92,0x53,0x27,0x67,0x6b,0x46,0xcd,0xb5,0x10,
  0x21,0xa1,0x9a,0x68,0xba,0x15,0x3f,0x93,0x65,0x94,0xb3,0x57,0xcd,0x84,0xaf,0xce,
  0xb6,0xc2,0x48,0x12,0x8b,0x83,0x82,0xb7,0x42,0xa1,0x1d,0xce,0x77,0xa2,0x55,0xb3,
  0x1f,0xb,0x41,0x76,0x41,0xb6,0x86,0x6c,0x75,0x38,0x18,0x65,0xb5,0xe4,0x40,0x91,
  0x7,0x4b,0x71,0x35,0xdc,0xb9,0x19,0xab,0xe9,0x62,0x7b,0xf6,0xb2,0x35,0x66,0x74,
  0xee,0x8c,0xb6,0x7d,0x35,0x7e,0xd5,0x64,0x7b,0x71,0xa4,0x9c,0x29,0xaa,0xa9,0xf6,
  0xe2,0x4a,0xae,0x85,0x23,0x99,0xab,0xbd,0x85,0x7c,0x7f,0x6f,0xf4,0x97,0x5,0xd7,
  0xe9,0x5a,0xe8,0x53,0x1a,0x23,0xa3,0xff,0xee,0x65,0x74,0xac,0xb9,0xc7,0x35,0x19,
  0x3f,0xb2,0x7f,0xd5,0x48,0x30,0xbe,0xb0,0x94,0xbc,0x6d,0xbd,0x94,0x48,0x22,0x51,
  0x8d,0xde,0x77,0xa2,0xac,0x3d,0x59,0x9,0xe5,0xc1,0x5f,0x23,0xda,0xd6,0xec,0xe0,
  0x8a,0x6c,0x23,0x8f,0x85,0x3c,0xde,0x54,0x63,0xc1,0xd5,0x81,0x68,0xb,0x86,0x68,
  0xd8,0x98,0xab,0xe6,0xb2,0x2f,0xf6,0x6c,0x6b,0xc6,0x15,0x50,0x80,0x6a,0x32,0x96,
  0xf0,0x63,0x23,0x67,0xa2,0xbe,0x16,0x18,0x38,0xdc,0xbd,0x5,0xf1,0x51,0x67,0xde,
  0xf8,0x38,0x1f,0x94,0x8d,0x3d,0x3,0xf1,0x11,0x7a,0xa3,0xcc,0x2f,0x4e,0xce,0xe,
  0x44,0x3b,0x35,0x32,0xf7,0xb8,0x52,0xb6,0xfb,0x4a,0x1a,0xf3,0xc7,0xab,0x50,0x3e,
  0x31,0xe0,0x61,0x23,0x38,0xdb,0x9,0x4f,0xf,0x49,0xba,0xd0,0x80,0x74,0xcf,0xe9,
  0x7b,0xe3,0x3d,0x67,0xbe,0x4,0xec,0x76,0x24,0xd5,0x48,0x32,0x86,0xf4,0xe4,0xe4,
  0x1d,0x55,0x5b,0xb1,0x64,0x42,0xc1,0x39,0x7a,0x50,0x8d,0x64,0x2b,0x1c,0x46,0xf4,
  0xc,0xce,0x5f,0xd0,0x6f,0x74,0x33,0x5e,0x14,0x42,0x2a,0x25,0x83,0x4f,0xdf,0x7c,
  0xec,0x9d,0x6a,0x2e,0x7c,0x52,0x46,0x29,0x75,0xcf,0x7d,0x7b,0xe6,0xc1,0x44,0x9,
  0xff,0x9d,0xbd,0xb6,0x28,0x26,0x95,0xea,0x2e,0xdb,0x56,0xee,0xc4,0x31,0xdb,0xb6,
  0x1a,0x82,0xb0,0x22,0xf8,0x7,0xc1,0x63,0x5d,0xf6,0x4,0x6f,0x35,0x1b,0xe4,0xd9,
  0x8e,0x45,0x57,0x27,0x33,0x64,0xc7,0x4e,0x57,0xfa,0x66,0x27,0x92,0x95,0x2a,0xae,
  0xe,0xc,0x83,0xa8,0xa2,0x1d,0x5,0x54,0x36,0xa,0x67,0x64,0x71,0x36,0x38,0xdb,
  0x33,0x77,0x4b,0x36,0xe7,0xdc,0xe9,0x7b,0xa4,0xd2,0xd9,0xc7,0xe7,0x74,0xfe,0xf4,
  0x19,0xff,0x39,0xd6,0x20,0x95,0x50,0xb6,0x7,0xa,0x70,0x94,0x3e,0x74,0xe6,0x54,
  0x73,0x71,0x48,0xfd,0x3d,0x6b,0xaa,0xb1,0x78,0x28,0xa1,0x4f,0xe6,0x9c,0x83,0xef,
  0x8d,0xd1,0xf7,0x58,0xa7,0x73,0xb3,0xe5,0xe8,0x25,0x7d,0xd1,0x3d,0x4a,0xa1,0x63,
  0xdf,0x5c,0xa3,0x8f,0xca,0xc9,0xe6,0xaf,0xe9,0x1c,0x8c,0xf3,0xe7,0xd3,0x67,0x71,
  0x2e,0xf9,0xd4,0x5d,0x46,0x28,0xa5,0xbb,0xff,0xf9,0x66,0x3,0x43,0x21,0x8d,0xee,
  0x1b,0x2f,0xce,0xf9,0xb1,0xb5,0x45,0xd7,0xa3,0xb1,0x3d,0xfa,0x9c,0xfd,0xaf,0x28,
  0xdf,0x7b,0x4f,0x25,0x93,0x71,0x49,0x7f,0xff,0xf2,0xc1,0xf8,0x9c,0x83,0xec,0x51,
  0x77,0x31,0xb2,0xf6,0xcc,0x4,0x33,0x3,0x81,0x2,0xa8,0x31,0x29,0x43,0x8,0x19,
  0xa2,0xd2,0x24,0x49,0x96,0xcd,0x61,0x10,0x83,0x24,0x84,0x5a,0x69,0x1d,0x42,0x91,
  0x34,0x84,0x82,0x34,0xc7,0x90,0x31,0x44,0x21,0x23,0x23,0x33,0x13,0x94,0x94,0x94,
  0x4f,0x52,0xd0,0x1,0xd4,0x42,0x40,0x8f,0x7c,0xa8,0x5a,0x3c,0xef,0xa7,0x78,0x3b,
  0x65,0xd9,0x73,0xa,0x29,0xbb,0x35,0xc6,0xba,0x37,0x55,0x4,0xb0,0x2c,0x68,0xf3,
  0x50,0x1,0x6f,0x51,0x76,0x24,0x78,0xf7,0x58,0x25,0xe9,0xe4,0x3e,0xa0,0x2b,0x49,
  0xfb,0x93,0x34,0xdc,0x48,0xa1,0xb1,0xac,0xf1,0xb2,0x6a,0x5f,0x2f,0xb8,0x4d,0x19,
  0x86,0xb0,0x34,0x6c,0xd0,0x44,0x0,0x7f,0x25,0xf3,0x38,0xac,0xd5,0xa4,0x3a,0x89,
  0x3d,0xb0,0xa8,0x1a,0x91,0xd2,0xe6,0x5,0x55,0xbb,0x53,0x55,0x9d,0xe,0x63,0xa1,
  0x9d,0xaa,0x6d,0x99,0xb0,0xa4,0x9f,0x80,0xad,0x3d,0x30,0x5d,0xa9,0x4d,0x41,0x77,
  0xfa,0xe0,0xda,0x54,0x65,0xeb,0x58,0x44,0xc1,0xbb,0x35,0xd,0x94,0x4d,0xf7,0x36,
  0xb2,0xa4,0xe4,0x4,0x8c,0x57,0x39,0xad,0x76,0x30,0x10,0xae,0xc7,0xe6,0x9a,0x96,
  0xaa,0x74,0x79,0x32,0xc,0x35,0xe6,0x67,0xee,0x5e,0x34,0x93,0x93,0xf4,0x76,0xa3,
  0xa,0xc,0x14,0xf1,0xd1,0xc8,0x3e,0xa0,0x9d,0x4c,0x96,0x99,0xd0,0x6b,0x71,0x8c,
  0x10,0x88,0xc4,0x20,0x67,0x1d,0xbd,0x2b,0x8d,0x4a,0x86,0xaa,0x5b,0x14,0xd3,0xed,
  0x15,0x3b,0x6e,0xf1,0x0,0x3a,0xa5,0xe2,0x9f,0x71,0x6,0x44,0xc4,0xb,0x53,0x8c,
  0xca,0x89,0x90,0xd4,0x37,0xf3,0xa9,0xe4,0x47,0x23,0xd8,0x8e,0xff,0xdf,0x75,0x59,
  0xc8,0xf1,0x96,0x37,0x25,0x5a,0xf4,0xc4,0x22,0xb8,0x53,0x20,0xe2,0x97,0x9d,0xf2,
  0xac,0x33,0x2,0xd0,0x23,0x94,0x19,0x75,0x44,0x26,0xf1,0xde,0x77,0xa6,0xb5,0x5a,
  0xee,0xe5,0xae,0x8b,0x62,0x22,0x37,0xbc,0xa0,0x82,0x3e,0xc0,0x64,0xab,0xa,0xd2,
  0x35,0x87,0xce,0x38,0xd5,0x80,0xf7,0xd9,0x50,0x78,0x3c,0xee,0x19,0x39,0x44,0xd9,
  0x6b,0x9,0xc2,0x78,0xfc,0x4,0xa,0x40,0x19,0x40,0xf7,0xdf,0x13,0x6a,0x49,0x6c,
  0x2b,0x53,0x24,0x5e,0xfa,0x8b,0xbc,0xd,0xcd,0x8b,0x30,0xe4,0x6f,0xaf,0x61,0x2d,
  0x16,0xe2,0x98,0x0,0x24,0x18,0x16,0xf,0x45,0x60,0x46,0xe7,0x88,0x11,0xb0,0x26,
  0x2e,0x8a,0xde,0x69,0x60,0xf3,0x5d,0xe7,0xcd,0x35,0x73,0x1d,0x96,0x33,0xcb,0x6a,
  0x21,0xa1,0x67,0x9c,0x14,0x43,0x4e,0x3d,0xea,0x15,0x83,0x5,0xde,0x2e,0xed,0xc9,
  0xf3,0x9f,0xbe,0x39,0x2,0xbc,0xf7,0x80,0x5c,0xf2,0x2,0x82,0xb,0xf7,0x14,0xe9,
  0x6d,0x40,0x80,0xf0,0x5e,0x3f,0x7c,0xc2,0x4c,0x69,0x12,0x76,0xba,0xb9,0x7d,0x69,
  0xa6,0x2d,0x9d,0x7b,0xf3,0xa4,0x67,0xa2,0x6,0x8,0x10,0x42,0xad,0xf1,0x21,0x9e,
  0x13,0x47,0x18,0x45,0x91,0x94,0x35,0x15,0x5,0x69,0x4d,0x53,0xd7,0x98,0x10,0x7c,
  0x8a,0x69,0x9c,0x16,0x1b,0x20,0x4f,0x49,0x6c,0xbc,0x17,0xb9,0xf5,0x68,0x6e,0x2c,
  0xa,0x1e,0xc7,0x2b,0xef,0x1a,0x79,0x2b,0x60,0x7d,0xb0,0x93,0x15,0x19,0x43,0xa5,
  0x32,0x85,0xd,0x3c,0x7e,0x18,0x90,0x5c,0xbb,0x36,0x6b,0xfc,0x3d,0x58,0xa2,0xbb,
  0x6a,0x81,0xe9,0xad,0x54,0x1d,0x3c,0x61,0xc,0x24,0xdb,0x23,0x74,0x3b,0x6,0xfd,
  0x5b,0x6b,0x68,0x2a,0xf3,0x31,0x65,0xb,0xd3,0xec,0x2b,0xb5,0xe7,0xb8,0xfd,0xda,
  0x50,0x15,0x86,0xbf,0xd3,0x73,0xf5,0x4a,0xa,0x55,0xfd,0x8,0xeb,0x5d,0x24,0x12,
  0x8a,0x97,0x81,0x1b,0x69,0x91,0x53,0x99,0x3c,0x96,0x72,0xf6,0xff,0x1f,0xa,0xb6,
  0x2a,
    // sketch_circle.svg
  0x0,0x0,0x5,0x17,
  0x28,
  0xb5,0x2f,0xfd,0x60,0x5c,0x12,0x6d,0x28,0x0,0xe6,0x7c,0xb0,0x24,0x0,0x8f,0xe6,
  0x1,0x7b,0xe4,0x22,0xa0,0xe0,0x44,0x1b,0x1,0x2,0x59,0x20,0x60,0xdc,0x7d,0x5f,
  0xff,0xbf,0xa9,0x2c,0xb7,0xb0,0x17,0xa9,0xb0,0xe1,0x4b,0xa1,0xaa,0x6a,0x8,0x35,
  0x21,0xb1,0x0,0xa6,0x0,0xa5,0x0,0xea,0x6f,0x81,0x81,0xa3,0xb5,0xe6,0x1e,0xe5,
  0xf6,0xcb,0xda,0x52,0x88,0x50,0x70,0x74,0x2c,0x31,0xec,0xe0,0x66,0x4b,0x34,0x67,
  0xe,0x8e,0x1b,0x3b,0xf1,0x7,0x97,0x18,0x8e,0x9a,0x9d,0x1b,0xa,0xa8,0xe9,0x18,
  0x82,0x23,0x56,0x6a,0xf4,0x7d,0x4c,0x7c,0xe0,0xfd,0x8a,0x6d,0x45,0xd7,0xdc,0xd2,
  0x80,0xce,0x74,0xf,0x3a,0x2,0x8b,0x63,0xf0,0xa1,0x98,0x9b,0x7f,0x32,0xf7,0x4b,
  0x5b,0x9a,0x62,0x2c,0x34,0x2,0x5,0xe7,0x49,0x87,0x9e,0x8c,0x21,0x45,0xa1,0x62,
  0xa0,0x7e,0x97,0x85,0xf1,0x4c,0x78,0x1,0x83,0x61,0xb0,0xd6,0x32,0xe0,0x78,0xb6,
  0x66,0x99,0x51,0x28,0x14,0x87,0xe3,0x31,0xf5,0xe,0x9,0x2c,0x78,0xb2,0xd,0x87,
  0x48,0xe,0xb,0xd4,0x33,0x65,0xb9,0xb8,0x5b,0xbc,0x13,0x96,0xb5,0x0,0xa,0x18,
  0x6,0x7,0x4a,0x4b,0x8a,0xc1,0x92,0x8e,0xec,0x95,0x6c,0xe7,0x8b,0xa2,0x6b,0x21,
  0x42,0x42,0x31,0x8f,0x94,0xaf,0x6e,0x24,0xbc,0xa8,0xc6,0x5e,0x31,0x92,0xce,0x7c,
  0xe3,0xc9,0x12,0x45,0x2c,0xe,0xa,0x2,0x39,0x7a,0x87,0xa7,0x8,0x47,0x15,0x99,
  0xe7,0x9,0x5,0x7f,0x7a,0xe7,0x89,0x2b,0xa6,0x37,0xd8,0x71,0xf0,0x82,0x3a,0x77,
  0xf0,0x75,0x38,0x16,0x85,0x79,0x64,0x1d,0x48,0xa3,0x23,0xb9,0x1a,0xcd,0xe6,0xad,
  0x15,0x7d,0xd2,0x3d,0xfb,0xe9,0x1a,0x54,0xbe,0xd6,0x58,0x75,0x3d,0x73,0xfd,0x8a,
  0xd9,0xb8,0x62,0xa3,0xbd,0x25,0x8a,0xb9,0xf8,0x22,0x47,0xb2,0x85,0x8d,0xd0,0xe5,
  0xde,0x62,0x7e,0xfb,0xe6,0xea,0x2f,0x8a,0xbe,0x52,0xa6,0xd4,0xaf,0x55,0x4a,0x56,
  0xff,0xdf,0x4f,0xf9,0x98,0x7b,0xcd,0x73,0x53,0xbe,0x64,0xff,0x8a,0x89,0x68,0x7d,
  0x81,0x25,0xbb,0xe3,0x9b,0x25,0x4f,0x24,0xa2,0x18,0xde,0xb3,0x24,0x59,0x5d,0xc2,
  0x11,0x49,0xa3,0xff,0x42,0x38,0xbe,0xdb,0xea,0x8a,0x8d,0x21,0xd,0x86,0x9a,0xe6,
  0x14,0x43,0xd1,0xd7,0x42,0x9c,0xa2,0x21,0x1e,0x1d,0x6b,0x8a,0xa9,0xf4,0xac,0xdb,
  0xc6,0x77,0xeb,0xa,0x27,0x40,0x31,0x5b,0x47,0xba,0xc1,0x8f,0x9d,0x2,0xee,0x97,
  0x89,0x85,0x4a,0x58,0x2b,0xa4,0x8d,0xb5,0xc6,0x4b,0xa,0xe3,0x74,0xec,0x17,0x88,
  0x97,0xb1,0xb9,0xca,0x5a,0xc5,0xee,0x6d,0x21,0x6e,0xaf,0x64,0xef,0x91,0xa3,0x8d,
  0x7b,0x8e,0x38,0xd6,0x1e,0xf0,0xc6,0xd9,0xc8,0x80,0x7,0x86,0xe8,0x8d,0x25,0x2d,
  0x3d,0xa2,0x28,0x3b,0x3,0xb4,0xd2,0x8,0xe7,0xaf,0xc6,0x4f,0x3a,0xab,0x8c,0x8d,
  0x35,0x1,0xdc,0x6d,0xa4,0x98,0xc8,0xd6,0xe,0x97,0xec,0xee,0xcf,0xc5,0x57,0x47,
  0x26,0x89,0xde,0xcf,0x83,0x62,0x22,0x5c,0x61,0x19,0xcf,0xb3,0x48,0x7f,0xc5,0x96,
  0x9f,0xbc,0xf5,0xaa,0x31,0xd6,0x39,0x59,0xfc,0xa,0x29,0x64,0xff,0x14,0x73,0xd1,
  0x68,0x65,0xb5,0xd6,0x7,0xdf,0xbb,0x5f,0x1e,0x8b,0x9c,0xf1,0xbf,0x31,0xe8,0x16,
  0xc5,0x34,0xb9,0xaf,0xd2,0xf1,0x24,0x4f,0xe,0xea,0x3a,0xe6,0x8e,0xa3,0x15,0xc1,
  0x3f,0x8,0x1e,0xab,0xd2,0x27,0xdd,0x15,0x75,0x50,0xd3,0x2d,0x85,0x5f,0xbb,0x19,
  0xb6,0xc5,0x52,0xc,0x83,0x67,0xc2,0x1d,0x5,0xcf,0xc9,0x46,0xa5,0x7b,0x57,0xe9,
  0x63,0xb4,0xae,0x4a,0x94,0x52,0x7e,0x75,0x2c,0x4a,0xd8,0x2a,0xfd,0x46,0xe5,0xc3,
  0xc7,0xdc,0x8b,0x75,0xc6,0xe9,0x64,0xe3,0x4,0xf4,0x6,0xef,0x3a,0xa5,0xfb,0x37,
  0x2b,0x14,0x36,0xfa,0xb4,0x32,0xb8,0x61,0x7c,0x15,0xf8,0xda,0xd3,0xe8,0x98,0xfc,
  0x8,0xeb,0xac,0xa0,0xee,0x51,0xc7,0xc0,0x7c,0xca,0x51,0x84,0x9f,0x9f,0x15,0xca,
  0x7,0x6b,0x8d,0x8f,0xbd,0x7b,0xae,0xc2,0x3a,0x69,0x9c,0x93,0xd1,0x5f,0xf4,0xbd,
  0x28,0xe9,0xd3,0xaf,0xcf,0x24,0x5d,0xf3,0x6b,0x6b,0x53,0xc6,0x39,0xdb,0xfb,0xa7,
  0x90,0x36,0x2c,0x35,0x56,0xf9,0xbe,0x1,0x25,0xa5,0x2f,0x9d,0x5b,0x75,0xc1,0x2a,
  0xa1,0x83,0x15,0x36,0xf6,0xff,0x4b,0x4e,0x8,0xe1,0xd7,0xc9,0xa6,0x9c,0xd,0xfe,
  0x4f,0x18,0x25,0x7c,0x2f,0x32,0x58,0xd7,0xd7,0xf6,0xa4,0x64,0x1,0x81,0x4,0xa8,
  0x31,0xad,0x32,0xa,0x99,0x21,0x93,0x24,0x49,0x2a,0xc3,0x1a,0x71,0x10,0x82,0x24,
  0x84,0x1e,0x69,0x7,0x22,0x91,0x38,0xc3,0x72,0x30,0xc9,0x8c,0x31,0x44,0x29,0x23,
  0x33,0x33,0x13,0x94,0x94,0x94,0x4f,0x52,0xd0,0x1,0xd6,0x44,0xa0,0x55,0xb0,0xe9,
  0x66,0xb8,0x80,0x7b,0xf7,0x96,0x7c,0x5a,0x48,0x4,0x51,0xaf,0x75,0x43,0xbb,0xac,
  0x94,0xab,0xb6,0x1c,0xf9,0x96,0x65,0xed,0xab,0xf,0xeb,0x83,0x1b,0x18,0xf7,0xd1,
  0x6d,0x46,0x7e,0x6e,0xbb,0x35,0xf,0xca,0x11,0x56,0x75,0xad,0x77,0x62,0xea,0x33,
  0xa3,0x11,0x26,0xb5,0x6f,0x7c,0xa6,0xe4,0x47,0x52,0xdb,0xd5,0xb6,0x2f,0x6d,0xf7,
  0x55,0x52,0xea,0x59,0xa9,0x6f,0xb0,0x40,0x6e,0xf6,0x96,0x79,0x30,0x96,0xaa,0xb6,
  0x49,0xb5,0x7e,0x4c,0xf5,0xb6,0x54,0xd5,0x6e,0x57,0xd8,0xee,0x32,0x61,0x47,0xa3,
  0x74,0x5b,0x75,0x65,0xba,0x6,0x4d,0x81,0x3,0xda,0xc3,0x92,0xa9,0x4a,0x9a,0x9f,
  0xe3,0xcd,0x34,0x71,0xfa,0xba,0x4d,0x37,0x68,0xc1,0x50,0x6e,0xcf,0x7f,0xd8,0x64,
  0xa7,0x3d,0xa0,0xbb,0x6f,0xb3,0xd6,0xaf,0x79,0x5d,0xe1,0x62,0x75,0xb1,0x40,0x3f,
  0x7c,0x5b,0xad,0xc8,0xa3,0x1,0x28,0x88,0x59,0x48,0x2a,0xf6,0x81,0x47,0x72,0x83,
  0xdc,0x93,0x9e,0xf6,0x63,0xc4,0x26,0x5a,0xb,0xe1,0x69,0x3a,0xaf,0xd9,0x2c,0x41,
  0x29,0x9f,0x3a,0x75,0x4c,0x76,0xdc,0xf2,0x0,0xa,0xa6,0xe2,0xf3,0xb8,0x3,0x22,
  0x2,0xc3,0xf8,0x8c,0x6a,0x88,0x90,0x14,0x6d,0xf6,0xa5,0xfc,0x47,0xe7,0xb0,0x65,
  0xf5,0xcf,0xd0,0xa5,0x20,0x87,0x98,0x14,0x51,0x51,0xf7,0x9,0x73,0xe3,0x84,0xe,
  0x9d,0x17,0xf3,0x7b,0xb7,0x91,0x3d,0x80,0x8e,0x50,0xb6,0xea,0x28,0x43,0xf8,0x83,
  0xd9,0x99,0xa3,0xad,0xa5,0x45,0xd7,0x7,0x14,0x7f,0xba,0x91,0xf,0xa6,0xf5,0x8a,
  0xcc,0x56,0xaa,0x28,0xa1,0xc1,0x45,0xa6,0xac,0x66,0xbf,0xff,0x4,0x85,0x1f,0xbf,
  0x57,0x72,0xc8,0x66,0xcf,0x16,0x84,0xfb,0x78,0x38,0x3c,0x15,0xb5,0xe,0x5a,0x56,
  0xee,0x5a,0x8b,0x1b,0xed,0xe5,0xe2,0x7a,0xd5,0x37,0xd1,0xd,0x34,0xd7,0x61,0xc9,
  0xc7,0xbe,0xee,0x10,0x54,0xe8,0xd7,0x0,0x62,0x1e,0xc7,0x8,0xfe,0x94,0xcc,0x3,
  0xc2,0x70,0xf0,0xe,0x5c,0xbe,0x1e,0x62,0x4,0xe6,0x3b,0xa9,0xd5,0x6f,0x73,0xc,
  0x2b,0x67,0x6a,0xe5,0x29,0xf9,0x66,0xe0,0x29,0x19,0x4e,0x7f,0xdd,0x97,0x31,0x3b,
  0xe4,0x36,0x5,0xa7,0x0,0xe4,0xf9,0xed,0x48,0xe3,0xc5,0xb,0x94,0x4b,0x2f,0x70,
  0xb8,0xf8,0x3c,0x22,0x89,0x8d,0x3c,0x28,0x4,0x2e,0x9f,0x9d,0x20,0x56,0x9f,0x4,
  0x36,0x31,0x32,0xb,0x55,0xbb,0xa5,0x16,0x5c,0x72,0x97,0xb4,0x54,0xdf,0x3,0x39,
  0x96,0x1d,0x1a,0x42,0x80,0xf3,0xe3,0x62,0x48,0x74,0x6,0x3f,0x2a,0x1d,0xb1,0x1,
  0xf,0x21,0xe3,0x2d,0x5f,0x61,0xd,0x21,0x85,0x8,0xc8,0x54,0x12,0x80,0xf7,0xb,
  0x76,0x6f,0x1d,0xf,0x8b,0x7c,0x56,0x50,0xc5,0xbd,0x2d,0x17,0xe,0x98,0x8a,0xd8,
  0xc6,0xaa,0x6b,0xb9,0x92,0x7b,0xbe,0x29,0x5e,0xf,0x3,0xce,0x4e,0xf2,0xdb,0x45,
  0x74,0x2b,0xec,0xc7,0x7d,0xa9,0x40,0x69,0x2b,0x95,0x6,0x1f,0x37,0xf6,0x93,0xaf,
  0xb9,0x18,0xa0,0xa1,0x4f,0x16,0xc0,0xa1,0xbe,0x1a,0x9c,0x1a,0x37,0xd2,0xb1,0x12,
  0xe3,0x3a,0x78,0x16,0x4,0x29,0xfb,0xbb,0xb7,0xc9,0x55,0xf3,0xaf,0x52,0xd5,0x4f,
  0x18,0xff,0x22,0x4d,0xf8,0xbc,0xd8,0x6e,0xfa,0x46,0x9e,0x64,0x18,0xb1,0x3f,0xb3,
  0x9d,0xfa,0x30,0xb1,0x55,0x1,
    // sketch_constraint_distance.svg
  0x0,0x0,0xf,0xc,
  0x3c,
  0x3f,0x78,0x6d,0x6c,0x20,0x76,0x65,0x72,0x73,0x69,0x6f,0x6e,0x3d,0x22,0x31,0x2e,
  0x30,0x22,0x20,0x65,0x6e,0x63,0x6f,0x64,0x69,0x6e,0x67,0x3d,0x22,0x55,0x54,0x46,
  0x2d,0x38,0x22,0x20,0x73,0x74,0x61,0x6e,0x64,0x61,0x6c,0x6f,0x6e,0x65,0x3d,0x22,
  0x6e,0x6f,0x22,0x3f,0x3e,0xa,0x3c,0x21,0x2d,0x2d,0x20,0x43,0x72,0x65,0x61,0x74,
  0x65,0x64,0x20,0x77,0x69,0x74,0x68,0x20,0x49,0x6e,0x6b,0x73,0x63,0x61,0x70,0x65,
  0x20,0x28,0x68,0x74,0x74,0x70,0x3a,0x2f,0x2f,0x77,0x77,0x77,0x2e,0x69,0x6e,0x6b,
  0x73,0x63,0x61,0x70,0x65,0x2e,0x6f,0x72,0x67,0x2f,0x29,0x20,0x2d,0x2d,0x3e,0xa,
  0xa,0x3c,0x73,0x76,0x67,0xa,0x20,0x20,0x20,0x77,0x69,0x64,0x74,0x68,0x3d,0x22,
  0x34,0x38,0x22,0xa,0x20,0x20,0x20,0x68,0x65,0x69,0x67,0x68,0x74,0x3d,0x22,0x34,
  0x38,0x22,0xa,0x20,0x20,0x20,0x76,0x69,0x65,0x77,0x42,0x6f,0x78,0x3d,0x22,0x30,
  0x20,0x30,0x20,0x31,0x32,0x2e,0x37,0x20,0x31,0x32,0x2e,0x37,0x22,0xa,0x20,0x20,
  0x20,0x76,0x65,0x72,0x73,0x69,0x6f,0x6e,0x3d,0x22,0x31,0x2e,0x31,0x22,0xa,0x20,
  0x20,0x20,0x69,0x64,0x3d,0x22,0x73,0x76,0x67,0x31,0x22,0xa,0x20,0x20,0x20,0x69,
  0x6e,0x6b,0x73,0x63,0x61,0x70,0x65,0x3a,0x76,0x65,0x72,0x73,0x69,0x6f,0x6e,0x3d,
  0x22,0x31,0x2e,0x34,0x2e,0x32,0x20,0x28,0x66,0x34,0x33,0x32,0x37,0x66,0x34,0x2c,
  0x20,0x32,0x30,0x32,0x35,0x2d,0x30,0x35,0x2d,0x31,0x33,0x29,0x22,0xa,0x20,0x20,
  0x20,0x73,0x6f,0x64,0x69,0x70,0x6f,0x64,0x69,0x3a,0x64,0x6f,0x63,0x6e,0x61,0x6d,
  0x65,0x3d,0x22,0x73,0x6b,0x65,0x74,0x63,0x68,0x5f,0x63,0x6f,0x6e,0x73,0x74,0x72,
  0x61,0x69,0x6e,0x74,0x5f,0x64,0x69,0x73,0x74,0x61,0x6e,0x63,0x65,0x2e,0x73,0x76,
  0x67,0x22,0xa,0x20,0x20,0x20,0x78,0x6d,0x6c,0x6e,0x73,0x3a,0x69,0x6e,0x6b,0x73,
  0x63,0x61,0x70,0x65,0x3d,0x22,0x68,0x74,0x74,0x70,0x3a,0x2f,0x2f,0x77,0x77,0x77,
  0x2e,0x69,0x6e,0x6b,0x73,0x63,0x61,0x70,0x65,0x2e,0x6f,0x72,0x67,0x2f,0x6e,0x61,
  0x6d,0x65,0x73,0x70,0x61,0x63,0x65,0x73,0x2f,0x69,0x6e,0x6b,0x73,0x63,0x61,0x70,
  0x65,0x22,0xa,0x20,0x20,0x20,0x78,0x6d,0x6c,0x6e,0x73,0x3a,0x73,0x6f,0x64,0x69,
  0x70,0x6f,0x64,0x69,0x3d,0x22,0x68,0x74,0x74,0x70,0x3a,0x2f,0x2f,0x73,0x6f,0x64,
  0x69,0x70,0x6f,0x64,0x69,0x2e,0x73,0x6f,0x75,0x72,0x63,0x65,0x66,0x6f,0x72,0x67,
  0x65,0x2e,0x6e,0x65,0x74,0x2f,0x44,0x54,0x44,0x2f,0x73,0x6f,0x64,0x69,0x70,0x6f,
  0x64,0x69,0x2d,0x30,0x2e,0x64,0x74,0x64,0x22,0xa,0x20,0x20,0x20,0x78,0x6d,0x6c,
  0x6e,0x73,0x3d,0x22,0x68,0x74,0x74,0x70,0x3a,0x2f,0x2f,0x77,0x77,0x77,0x2e,0x77,
  0x33,0x2e,0x6f,0x72,0x67,0x2f,0x32,0x30,0x30,0x30,0x2f,0x73,0x76,0x67,0x22,0xa,
  0x20,0x20,0x20,0x78,0x6d,0x6c,0x6e,0x73,0x3a,0x73,0x76,0x67,0x3d,0x22,0x68,0x74,
  0x74,0x70,0x3a,0x2f,0x2f,0x77,0x77,0x77,0x2e,0x77,0x33,0x2e,0x6f,0x72,0x67,0x2f,
  0x32,0x30,0x30,0x30,0x2f,0x73,0x76,0x67,0x22,0x3e,0xa,0x20,0x20,0x3c,0x73,0x6f,
  0x64,0x69,0x70,0x6f,0x64,0x69,0x3a,0x6e,0x61,0x6d,0x65,0x64,0x76,0x69,0x65,0x77,
  0xa,0x20,0x20,0x20,0x20,0x20,0x69,0x64,0x3d,0x22,0x6e,0x61,0x6d,0x65,0x64,0x76,
  0x69,0x65,0x77,0x31,0x22,0xa,0x20,0x20,0x20,0x20,0x20,0x70,0x61,0x67,0x65,0x63,
  0x6f,0x6c,0x6f,0x72,0x3d,0x22,0x23,0x66,0x66,0x66,0x66,0x66,0x66,0x22,0xa,0x20,
  0x20,0x20,0x20,0x20,0x62,0x6f,0x72,0x64,0x65,0x72,0x63,0x6f,0x6c,0x6f,0x72,0x3d,
  0x22,0x23,0x30,0x30,0x30,0x30,0x30,0x30,0x22,0xa,0x20,0x20,0x20,0x20,0x20,0x62,
  0x6f,0x72,0x64,0x65,0x72,0x6f,0x70,0x61,0x63,0x69,0x74,0x79,0x3d,0x22,0x30,0x2e,
  0x32,0x35,0x22,0xa,0x20,0x20,0x20,0x20,0x20,0x69,0x6e,0x6b,0x73,0x63,0x61,0x70,
  0x65,0x3a,0x73,0x68,0x6f,0x77,0x70,0x61,0x67,0x65,0x73,0x68,0x61,0x64,0x6f,0x77,
  0x3d,0x22,0x32,0x22,0xa,0x20,0x20,0x20,0x20,0x20,0x69,0x6e,0x6b,0x73,0x63,0x61,
  0x70,0x65,0x3a,0x70,0x61,0x67,0x65,0x6f,0x70,0x61,0x63,0x69,0x74,0x79,0x3d,0x22,
  0x30,0x2e,0x30,0x22,0xa,0x20,0x20,0x20,0x20,0x20,0x69,0x6e,0x6b,0x73,0x63,0x61,
  0x70,0x65,0x3a,0x70,0x61,0x67,0x65,0x63,0x68,0x65,0x63,0x6b,0x65,0x72,0x62,0x6f,
  0x61,0x72,0x64,0x3d,0x22,0x30,0x22,0xa,0x20,0x20,0x20,0x20,0x20,0x69,0x6e,0x6b,
  0x73,0x63,0x61,0x70,0x65,0x3a,0x64,0x65,0x73,0x6b,0x63,0x6f,0x6c,0x6f,0x72,0x3d,
  0x22,0x23,0x64,0x31,0x64,0x31,0x64,0x31,0x22,0xa,0x20,0x20,0x20,0x20,0x20,0x69,
  0x6e,0x6b,0x73,0x63,0x61,0x70,0x65,0x3a,0x64,0x6f,0x63,0x75,0x6d,0x65,0x6e,0x74,
  0x2d,0x75,0x6e,0x69,0x74,0x73,0x3d,0x22,0x6d,0x6d,0x22,0xa,0x20,0x20,0x20,0x20,
  0x20,0x73,0x68,0x6f,0x77,0x67,0x75,0x69,0x64,0x65,0x73,0x3d,0x22,0x74,0x72,0x75,
  0x65,0x22,0xa,0x20,0x20,0x20,0x20,0x20,0x69,0x6e,0x6b,0x73,0x63,0x61,0x70,0x65,
  0x3a,0x7a,0x6f,0x6f,0x6d,0x3d,0x22,0x35,0x2e,0x38,0x30,0x38,0x33,0x36,0x31,0x35,
  0x22,0xa,0x20,0x20,0x20,0x20,0x20,0x69,0x6e,0x6b,0x73,0x63,0x61,0x70,0x65,0x3a,
  0x63,0x78,0x3d,0x22,0x33,0x2e,0x32,0x37,0x31,0x31,0x34,0x36,0x33,0x22,0xa,0x20,
  0x20,0x20,0x20,0x20,0x69,0x6e,0x6b,0x73,0x63,0x61,0x70,0x65,0x3a,0x63,0x79,0x3d,
  0x22,0x33,0x32,0x2e,0x34,0x35,0x33,0x32,0x31,0x34,0x22,0xa,0x20,0x20,0x20,0x20,
  0x20,0x69,0x6e,0x6b,0x73,0x63,0x61,0x70,0x65,0x3a,0x77,0x69,0x6e,0x64,0x6f,0x77,
  0x2d,0x77,0x69,0x64,0x74,0x68,0x3d,0x22,0x31,0x39,0x32,0x30,0x22,0xa,0x20,0x20,
  0x20,0x20,0x20,0x69,0x6e,0x6b,0x73,0x63,0x61,0x70,0x65,0x3a,0x77,0x69,0x6e,0x64,
  0x6f,0x77,0x2d,0x68,0x65,0x69,0x67,0x68,0x74,0x3d,0x22,0x31,0x30,0x31,0x37,0x22,
  0xa,0x20,0x20,0x20,0x20,0x20,0x69,0x6e,0x6b,0x73,0x63,0x61,0x70,0x65,0x3a,0x77,
  0x69,0x6e,0x64,0x6f,0x77,0x2d,0x78,0x3d,0x22,0x31,0x39,0x31,0x32,0x22,0xa,0x20,
  0x20,0x20,0x20,0x20,0x69,0x6e,0x6b,0x73,0x63,0x61,0x70,0x65,0x3a,0x77,0x69,0x6e,
  0x64,0x6f,0x77,0x2d,0x79,0x3d,0x22,0x2d,0x38,0x22,0xa,0x20,0x20,0x20,0x20,0x20,
  0x69,0x6e,0x6b,0x73,0x63,0x61,0x70,0x65,0x3a,0x77,0x69,0x6e,0x64,0x6f,0x77,0x2d,
  0x6d,0x61,0x78,0x69,0x6d,0x69,0x7a,0x65,0x64,0x3d,0x22,0x31,0x22,0xa,0x20,0x20,
  0x20,0x20,0x20,0x69,0x6e,0x6b,0x73,0x63,0x61,0x70,0x65,0x3a,0x63,0x75,0x72,0x72,
  0x65,0x6e,0x74,0x2d,0x6c,0x61,0x79,0x65,0x72,0x3d,0x22,0x6c,0x61,0x79,0x65,0x72,
  0x31,0x22,0x3e,0xa,0x20,0x20,0x20,0x20,0x3c,0x73,0x6f,0x64,0x69,0x70,0x6f,0x64,
  0x69,0x3a,0x67,0x75,0x69,0x64,0x65,0xa,0x20,0x20,0x20,0x20,0x20,0x20,0x20,0x70,
  0x6f,0x73,0x69,0x74,0x69,0x6f,0x6e,0x3d,0x22,0x31,0x32,0x39,0x2e,0x30,0x30,0x33,
  0x36,0x38,0x2c,0x32,0x37,0x31,0x2e,0x31,0x32,0x36,0x33,0x38,0x22,0xa,0x20,0x20,
  0x20,0x20,0x20,0x20,0x20,0x6f,0x72,0x69,0x65,0x6e,0x74,0x61,0x74,0x69,0x6f,0x6e,
  0x3d,0x22,0x30,0x2c,0x2d,0x31,0x22,0xa,0x20,0x20,0x20,0x20,0x20,0x20,0x20,0x69,
  0x64,0x3d,0x22,0x67,0x75,0x69,0x64,0x65,0x36,0x22,0xa,0x20,0x20,0x20,0x20,0x20,
  0x20,0x20,0x69,0x6e,0x6b,0x73,0x63,0x61,0x70,0x65,0x3a,0x6c,0x6f,0x63,0x6b,0x65,
  0x64,0x3d,0x22,0x66,0x61,0x6c,0x73,0x65,0x22,0x20,0x2f,0x3e,0xa,0x20,0x20,0x3c,
  0x2f,0x73,0x6f,0x64,0x69,0x70,0x6f,0x64,0x69,0x3a,0x6e,0x61,0x6d,0x65,0x64,0x76,
  0x69,0x65,0x77,0x3e,0xa,0x20,0x20,0x3c,0x64,0x65,0x66,0x73,0xa,0x20,0x20,0x20,
  0x20,0x20,0x69,0x64,0x3d,0x22,0x64,0x65,0x66,0x73,0x31,0x22,0x3e,0xa,0x20,0x20,
  0x20,0x20,0x3c,0x72,0x65,0x63,0x74,0xa,0x20,0x20,0x20,0x20,0x20,0x20,0x20,0x78,
  0x3d,0x22,0x31,0x33,0x2e,0x32,0x35,0x36,0x37,0x35,0x31,0x22,0xa,0x20,0x20,0x20,
  0x20,0x20,0x20,0x20,0x79,0x3d,0x22,0x33,0x2e,0x32,0x37,0x31,0x31,0x34,0x36,0x33,
  0x22,0xa,0x20,0x20,0x20,0x20,0x20,0x20,0x20,0x77,0x69,0x64,0x74,0x68,0x3d,0x22,
  0x32,0x32,0x2e,0x35,0x35,0x33,0x36,0x39,0x33,0x22,0xa,0x20,0x20,0x20,0x20,0x20,
  0x20,0x20,0x68,0x65,0x69,0x67,0x68,0x74,0x3d,0x22,0x31,0x36,0x2e,0x31,0x38,0x33,
  0x35,0x36,0x36,0x22,0xa,0x20,0x20,0x20,0x20,0x20,0x20,0x20,0x69,0x64,0x3d,0x22,
  0x72,0x65,0x63,0x74,0x31,0x22,0x20,0x2f,0x3e,0xa,0x20,0x20,0x20,0x20,0x3c,0x69,
  0x6e,0x6b,0x73,0x63,0x61,0x70,0x65,0x3a,0x70,0x61,0x74,0x68,0x2d,0x65,0x66,0x66,
  0x65,0x63,0x74,0xa,0x20,0x20,0x20,0x20,0x20,0x20,0x20,0x65,0x66,0x66,0x65,0x63,
  0x74,0x3d,0x22,0x73,0x70,0x69,0x72,0x6f,0x22,0xa,0x20,0x20,0x20,0x20,0x20,0x20,
  0x20,0x69,0x64,0x3d,0x22,0x70,0x61,0x74,0x68,0x2d,0x65,0x66,0x66,0x65,0x63,0x74,
  0x33,0x22,0xa,0x20,0x20,0x20,0x20,0x20,0x20,0x20,0x69,0x73,0x5f,0x76,0x69,0x73,
  0x69,0x62,0x6c,0x65,0x3d,0x22,0x74,0x72,0x75,0x65,0x22,0xa,0x20,0x20,0x20,0x20,
  0x20,0x20,0x20,0x6c,0x70,0x65,0x76,0x65,0x72,0x73,0x69,0x6f,0x6e,0x3d,0x22,0x31,
  0x22,0x20,0x2f,0x3e,0xa,0x20,0x20,0x20,0x20,0x3c,0x69,0x6e,0x6b,0x73,0x63,0x61,
  0x70,0x65,0x3a,0x70,0x61,0x74,0x68,0x2d,0x65,0x66,0x66,0x65,0x63,0x74,0xa,0x20,
  0x20,0x20,0x20,0x20,0x20,0x20,0x65,0x66,0x66,0x65,0x63,0x74,0x3d,0x22,0x73,0x70,
  0x69,0x72,0x6f,0x22,0xa,0x20,0x20,0x20,0x20,0x20,0x20,0x20,0x69,0x64,0x3d,0x22,
  0x70,0x61,0x74,0x68,0x2d,0x65,0x66,0x66,0x65,0x63,0x74,0x32,0x22,0xa,0x20,0x20,
  0x20,0x20,0x20,0x20,0x20,0x69,0x73,0x5f,0x76,0x69,0x73,0x69,0x62,0x6c,0x65,0x3d,
  0x22,0x74,0x72,0x75,0x65,0x22,0xa,0x20,0x20,0x20,0x20,0x20,0x20,0x20,0x6c,0x70,
  0x65,0x76,0x65,0x72,0x73,0x69,0x6f,0x6e,0x3d,0x22,0x31,0x22,0x20,0x2f,0x3e,0xa,
  0x20,0x20,0x20,0x20,0x3c,0x69,0x6e,0x6b,0x73,0x63,0x61,0x70,0x65,0x3a,0x70,0x61,
  0x74,0x68,0x2d,0x65,0x66,0x66,0x65,0x63,0x74,0xa,0x20,0x20,0x20,0x20,0x20,0x20,
  0x20,0x65,0x66,0x66,0x65,0x63,0x74,0x3d,0x22,0x73,0x70,0x69,0x72,0x6f,0x22,0xa,
  0x20,0x20,0x20,0x20,0x20,0x20,0x20,0x69,0x64,0x3d,0x22,0x70,0x61,0x74,0x68,0x2d,
  0x65,0x66,0x66,0x65,0x63,0x74,0x31,0x22,0xa,0x20,0x20,0x20,0x20,0x20,0x20,0x20,
  0x69,0x73,0x5f,0x76,0x69,0x73,0x69,0x62,0x6c,0x65,0x3d,0x22,0x74,0x72,0x75,0x65,
  0x22,0xa,0x20,0x20,0x20,0x20,0x20,0x20,0x20,0x6c,0x70,0x65,0x76,0x65,0x72,0x73,
  0x69,0x6f,0x6e,0x3d,0x22,0x31,0x22,0x20,0x2f,0x3e,0xa,0x20,0x20,0x20,0x20,0x3c,
  0x6c,0x69,0x6e,0x65,0x61,0x72,0x47,0x72,0x61,0x64,0x69,0x65,0x6e,0x74,0xa,0x20,
  0x20,0x20,0x20,0x20,0x20,0x20,0x69,0x64,0x3d,0x22,0x73,0x77,0x61,0x74,0x63,0x68,
  0x32,0x38,0x22,0x3e,0xa,0x20,0x20,0x20,0x20,0x20,0x20,0x3c,0x73,0x74,0x6f,0x70,
  0xa,0x20,0x20,0x20,0x20,0x20,0x20,0x20,0x20,0x20,0x73,0x74,0x79,0x6c,0x65,0x3d,
  0x22,0x73,0x74,0x6f,0x70,0x2d,0x63,0x6f,0x6c,0x6f,0x72,0x3a,0x23,0x30,0x30,0x30,
  0x30,0x30,0x30,0x3b,0x73,0x74,0x6f,0x70,0x2d,0x6f,0x70,0x61,0x63,0x69,0x74,0x79,
  0x3a,0x31,0x3b,0x22,0xa,0x20,0x20,0x20,0x20,0x20,0x20,0x20,0x20,0x20,0x6f,0x66,
  0x66,0x73,0x65,0x74,0x3d,0x22,0x30,0x22,0xa,0x20,0x20,0x20,0x20,0x20,0x20,0x20,
  0x20,0x20,0x69,0x64,0x3d,0x22,0x73,0x74,0x6f,0x70,0x32,0x38,0x22,0x20,0x2f,0x3e,
  0xa,0x20,0x20,0x20,0x20,0x3c,0x2f,0x6c,0x69,0x6e,0x65,0x61,0x72,0x47,0x72,0x61,
  0x64,0x69,0x65,0x6e,0x74,0x3e,0xa,0x20,0x20,0x20,0x20,0x3c,0x69,0x6e,0x6b,0x73,
  0x63,0x61,0x70,0x65,0x3a,0x70,0x65,0x72,0x73,0x70,0x65,0x63,0x74,0x69,0x76,0x65,
  0xa,0x20,0x20,0x20,0x20,0x20,0x20,0x20,0x73,0x6f,0x64,0x69,0x70,0x6f,0x64,0x69,
  0x3a,0x74,0x79,0x70,0x65,0x3d,0x22,0x69,0x6e,0x6b,0x73,0x63,0x61,0x70,0x65,0x3a,
  0x70,0x65,0x72,0x73,0x70,0x33,0x64,0x22,0xa,0x20,0x20,0x20,0x20,0x20,0x20,0x20,
  0x69,0x6e,0x6b,0x73,0x63,0x61,0x70,0x65,0x3a,0x76,0x70,0x5f,0x78,0x3d,0x22,0x2d,
  0x32,0x34,0x2e,0x30,0x31,0x31,0x35,0x37,0x36,0x20,0x3a,0x20,0x31,0x34,0x2e,0x30,
  0x32,0x31,0x33,0x34,0x33,0x20,0x3a,0x20,0x31,0x22,0xa,0x20,0x20,0x20,0x20,0x20,
  0x20,0x20,0x69,0x6e,0x6b,0x73,0x63,0x61,0x70,0x65,0x3a,0x76,0x70,0x5f,0x79,0x3d,
  0x22,0x30,0x20,0x3a,0x20,0x39,0x39,0x39,0x2e,0x39,0x39,0x39,0x39,0x38,0x20,0x3a,
  0x20,0x30,0x22,0xa,0x20,0x20,0x20,0x20,0x20,0x20,0x20,0x69,0x6e,0x6b,0x73,0x63,
  0x61,0x70,0x65,0x3a,0x76,0x70,0x5f,0x7a,0x3d,0x22,0x33,0x31,0x2e,0x34,0x38,0x34,
  0x39,0x31,0x20,0x3a,0x20,0x31,0x35,0x2e,0x37,0x37,0x39,0x35,0x35,0x39,0x20,0x3a,
  0x20,0x31,0x22,0xa,0x20,0x20,0x20,0x20,0x20,0x20,0x20,0x69,0x6e,0x6b,0x73,0x63,
  0x61,0x70,0x65,0x3a,0x70,0x65,0x72,0x73,0x70,0x33,0x64,0x2d,0x6f,0x72,0x69,0x67,
  0x69,0x6e,0x3d,0x22,0x31,0x30,0x35,0x20,0x3a,0x20,0x2d,0x31,0x38,0x35,0x2e,0x33,
  0x20,0x3a,0x20,0x31,0x22,0xa,0x20,0x20,0x20,0x20,0x20,0x20,0x20,0x69,0x64,0x3d,
  0x22,0x70,0x65,0x72,0x73,0x70,0x65,0x63,0x74,0x69,0x76,0x65,0x31,0x22,0x20,0x2f,
  0x3e,0xa,0x20,0x20,0x3c,0x2f,0x64,0x65,0x66,0x73,0x3e,0xa,0x20,0x20,0x3c,0x67,
  0xa,0x20,0x20,0x20,0x20,0x20,0x69,0x6e,0x6b,0x73,0x63,0x61,0x70,0x65,0x3a,0x6c,
  0x61,0x62,0x65,0x6c,0x3d,0x22,0x4c,0x61,0x79,0x65,0x72,0x20,0x31,0x22,0xa,0x20,
  0x20,0x20,0x20,0x20,0x69,0x6e,0x6b,0x73,0x63,0x61,0x70,0x65,0x3a,0x67,0x72,0x6f,
  0x75,0x70,0x6d,0x6f,0x64,0x65,0x3d,0x22,0x6c,0x61,0x79,0x65,0x72,0x22,0xa,0x20,
  0x20,0x20,0x20,0x20,0x69,0x64,0x3d,0x22,0x6c,0x61,0x79,0x65,0x72,0x31,0x22,0x3e,
  0xa,0x20,0x20,0x20,0x20,0x3c,0x67,0xa,0x20,0x20,0x20,0x20,0x20,0x20,0x20,0x69,
  0x64,0x3d,0x22,0x67,0x36,0x22,0xa,0x20,0x20,0x20,0x20,0x20,0x20,0x20,0x74,0x72,
  0x61,0x6e,0x73,0x66,0x6f,0x72,0x6d,0x3d,0x22,0x74,0x72,0x61,0x6e,0x73,0x6c,0x61,
  0x74,0x65,0x28,0x31,0x33,0x2e,0x35,0x32,0x38,0x39,0x38,0x37,0x2c,0x31,0x2e,0x35,
  0x37,0x31,0x35,0x34,0x39,0x31,0x29,0x22,0xa,0x20,0x20,0x20,0x20,0x20,0x20,0x20,
  0x73,0x74,0x79,0x6c,0x65,0x3d,0x22,0x66,0x69,0x6c,0x6c,0x3a,0x23,0x30,0x30,0x30,
  0x30,0x30,0x30,0x3b,0x66,0x69,0x6c,0x6c,0x2d,0x6f,0x70,0x61,0x63,0x69,0x74,0x79,
  0x3a,0x31,0x22,0x3e,0xa,0x20,0x20,0x20,0x20,0x20,0x20,0x3c,0x70,0x61,0x74,0x68,
  0xa,0x20,0x20,0x20,0x20,0x20,0x20,0x20,0x20,0x20,0x73,0x74,0x79,0x6c,0x65,0x3d,
  0x22,0x66,0x69,0x6c,0x6c,0x3a,0x23,0x30,0x30,0x30,0x30,0x30,0x30,0x3b,0x66,0x69,
  0x6c,0x6c,0x2d,0x6f,0x70,0x61,0x63,0x69,0x74,0x79,0x3a,0x31,0x3b,0x73,0x74,0x72,
  0x6f,0x6b,0x65,0x3a,0x6e,0x6f,0x6e,0x65,0x3b,0x73,0x74,0x72,0x6f,0x6b,0x65,0x2d,
  0x77,0x69,0x64,0x74,0x68,0x3a,0x30,0x2e,0x32,0x3b,0x73,0x74,0x72,0x6f,0x6b,0x65,
  0x2d,0x6d,0x69,0x74,0x65,0x72,0x6c,0x69,0x6d,0x69,0x74,0x3a,0x33,0x2e,0x36,0x22,
  0xa,0x20,0x20,0x20,0x20,0x20,0x20,0x20,0x20,0x20,0x64,0x3d,0x22,0x6d,0x20,0x2d,
  0x37,0x2e,0x39,0x37,0x31,0x36,0x32,0x35,0x36,0x2c,0x34,0x2e,0x38,0x32,0x38,0x35,
  0x32,0x37,0x35,0x20,0x30,0x2e,0x36,0x38,0x33,0x32,0x38,0x32,0x32,0x2c,0x32,0x2e,
  0x35,0x39,0x36,0x34,0x37,0x32,0x34,0x20,0x31,0x2e,0x35,0x37,0x31,0x35,0x34,0x39,
  0x31,0x2c,0x2d,0x31,0x2e,0x32,0x32,0x39,0x39,0x30,0x38,0x20,0x7a,0x22,0xa,0x20,
  0x20,0x20,0x20,0x20,0x20,0x20,0x20,0x20,0x69,0x64,0x3d,0x22,0x70,0x61,0x74,0x68,
  0x35,0x22,0x20,0x2f,0x3e,0xa,0x20,0x20,0x20,0x20,0x20,0x20,0x3c,0x70,0x61,0x74,
  0x68,0xa,0x20,0x20,0x20,0x20,0x20,0x20,0x20,0x20,0x20,0x73,0x74,0x79,0x6c,0x65,
  0x3d,0x22,0x66,0x69,0x6c,0x6c,0x3a,0x23,0x30,0x30,0x30,0x30,0x30,0x30,0x3b,0x66,
  0x69,0x6c,0x6c,0x2d,0x6f,0x70,0x61,0x63,0x69,0x74,0x79,0x3a,0x31,0x3b,0x73,0x74,
  0x72,0x6f,0x6b,0x65,0x3a,0x6e,0x6f,0x6e,0x65,0x3b,0x73,0x74,0x72,0x6f,0x6b,0x65,
  0x2d,0x77,0x69,0x64,0x74,0x68,0x3a,0x30,0x2e,0x32,0x3b,0x73,0x74,0x72,0x6f,0x6b,
  0x65,0x2d,0x6d,0x69,0x74,0x65,0x72,0x6c,0x69,0x6d,0x69,0x74,0x3a,0x33,0x2e,0x36,
  0x22,0xa,0x20,0x20,0x20,0x20,0x20,0x20,0x20,0x20,0x20,0x64,0x3d,0x22,0x4d,0x20,
  0x2d,0x36,0x2e,0x35,0x38,0x32,0x32,0x38,0x35,0x2c,0x36,0x2e,0x39,0x30,0x31,0x31,
  0x35,0x20,0x2d,0x35,0x2e,0x37,0x36,0x32,0x33,0x34,0x36,0x33,0x2c,0x38,0x2e,0x30,
  0x33,0x39,0x39,0x35,0x33,0x37,0x20,0x2d,0x35,0x2e,0x35,0x33,0x34,0x35,0x38,0x35,
  0x38,0x2c,0x37,0x2e,0x39,0x30,0x33,0x32,0x39,0x37,0x32,0x20,0x2d,0x36,0x2e,0x34,
  0x36,0x38,0x34,0x30,0x34,0x37,0x2c,0x36,0x2e,0x36,0x32,0x37,0x38,0x33,0x37,0x33,
  0x20,0x5a,0x22,0xa,0x20,0x20,0x20,0x20,0x20,0x20,0x20,0x20,0x20,0x69,0x64,0x3d,
  0x22,0x70,0x61,0x74,0x68,0x36,0x22,0x20,0x2f,0x3e,0xa,0x20,0x20,0x20,0x20,0x3c,
  0x2f,0x67,0x3e,0xa,0x20,0x20,0x20,0x20,0x3c,0x74,0x65,0x78,0x74,0xa,0x20,0x20,
  0x20,0x20,0x20,0x20,0x20,0x78,0x6d,0x6c,0x3a,0x73,0x70,0x61,0x63,0x65,0x3d,0x22,
  0x70,0x72,0x65,0x73,0x65,0x72,0x76,0x65,0x22,0xa,0x20,0x20,0x20,0x20,0x20,0x20,
  0x20,0x74,0x72,0x61,0x6e,0x73,0x66,0x6f,0x72,0x6d,0x3d,0x22,0x6d,0x61,0x74,0x72,
  0x69,0x78,0x28,0x30,0x2e,0x32,0x36,0x34,0x35,0x38,0x33,0x33,0x33,0x2c,0x30,0x2c,
  0x30,0x2c,0x30,0x2e,0x32,0x36,0x34,0x35,0x38,0x33,0x33,0x33,0x2c,0x31,0x2e,0x31,
  0x33,0x38,0x38,0x30,0x33,0x37,0x2c,0x30,0x2e,0x34,0x35,0x35,0x35,0x32,0x31,0x34,
  0x37,0x29,0x22,0xa,0x20,0x20,0x20,0x20,0x20,0x20,0x20,0x69,0x64,0x3d,0x22,0x74,
  0x65,0x78,0x74,0x31,0x22,0xa,0x20,0x20,0x20,0x20,0x20,0x20,0x20,0x73,0x74,0x79,
  0x6c,0x65,0x3d,0x22,0x74,0x65,0x78,0x74,0x2d,0x61,0x6c,0x69,0x67,0x6e,0x3a,0x73,
  0x74,0x61,0x72,0x74,0x3b,0x77,0x72,0x69,0x74,0x69,0x6e,0x67,0x2d,0x6d,0x6f,0x64,
  0x65,0x3a,0x6c,0x72,0x2d,0x74,0x62,0x3b,0x64,0x69,0x72,0x65,0x63,0x74,0x69,0x6f,
  0x6e,0x3a,0x6c,0x74,0x72,0x3b,0x77,0x68,0x69,0x74,0x65,0x2d,0x73,0x70,0x61,0x63,
  0x65,0x3a,0x70,0x72,0x65,0x3b,0x73,0x68,0x61,0x70,0x65,0x2d,0x69,0x6e,0x73,0x69,
  0x64,0x65,0x3a,0x75,0x72,0x6c,0x28,0x23,0x72,0x65,0x63,0x74,0x31,0x29,0x3b,0x64,
  0x69,0x73,0x70,0x6c,0x61,0x79,0x3a,0x69,0x6e,0x6c,0x69,0x6e,0x65,0x3b,0x66,0x69,
  0x6c,0x6c,0x3a,0x23,0x30,0x30,0x30,0x30,0x30,0x30,0x22,0x3e,0x3c,0x74,0x73,0x70,
  0x61,0x6e,0xa,0x20,0x20,0x20,0x20,0x20,0x20,0x20,0x20,0x20,0x78,0x3d,0x22,0x31,
  0x33,0x2e,0x32,0x35,0x35,0x38,0x35,0x39,0x22,0xa,0x20,0x20,0x20,0x20,0x20,0x20,
  0x20,0x20,0x20,0x79,0x3d,0x22,0x31,0x34,0x2e,0x31,0x38,0x39,0x39,0x38,0x37,0x22,
  0xa,0x20,0x20,0x20,0x20,0x20,0x20,0x20,0x20,0x20,0x69,0x64,0x3d,0x22,0x74,0x73,
  0x70,0x61,0x6e,0x31,0x22,0x3e,0x44,0x3c,0x2f,0x74,0x73,0x70,0x61,0x6e,0x3e,0x3c,
  0x2f,0x74,0x65,0x78,0x74,0x3e,0xa,0x20,0x20,0x20,0x20,0x3c,0x70,0x61,0x74,0x68,
  0xa,0x20,0x20,0x20,0x20,0x20,0x20,0x20,0x73,0x74,0x79,0x6c,0x65,0x3d,0x22,0x66,
  0x69,0x6c,0x6c,0x3a,0x23,0x30,0x30,0x30,0x30,0x30,0x30,0x3b,0x73,0x74,0x72,0x6f,
  0x6b,0x65,0x3a,0x23,0x30,0x30,0x30,0x30,0x30,0x30,0x3b,0x73,0x74,0x72,0x6f,0x6b,
  0x65,0x2d,0x77,0x69,0x64,0x74,0x68,0x3a,0x30,0x2e,0x35,0x36,0x35,0x3b,0x73,0x74,
  0x72,0x6f,0x6b,0x65,0x2d,0x64,0x61,0x73,0x68,0x61,0x72,0x72,0x61,0x79,0x3a,0x6e,
  0x6f,0x6e,0x65,0x3b,0x73,0x74,0x72,0x6f,0x6b,0x65,0x2d,0x6f,0x70,0x61,0x63,0x69,
  0x74,0x79,0x3a,0x31,0x22,0xa,0x20,0x20,0x20,0x20,0x20,0x20,0x20,0x64,0x3d,0x22,
  0x4d,0x20,0x30,0x2e,0x37,0x37,0x34,0x33,0x38,0x36,0x34,0x39,0x2c,0x35,0x2e,0x30,
  0x31,0x30,0x37,0x33,0x36,0x31,0x20,0x31,0x31,0x2e,0x36,0x36,0x31,0x33,0x34,0x39,
  0x2c,0x35,0x2e,0x30,0x35,0x36,0x32,0x38,0x38,0x31,0x22,0xa,0x20,0x20,0x20,0x20,
  0x20,0x20,0x20,0x69,0x64,0x3d,0x22,0x70,0x61,0x74,0x68,0x32,0x22,0x20,0x2f,0x3e,
  0xa,0x20,0x20,0x20,0x20,0x3c,0x70,0x61,0x74,0x68,0xa,0x20,0x20,0x20,0x20,0x20,
  0x20,0x20,0x73,0x74,0x79,0x6c,0x65,0x3d,0x22,0x66,0x69,0x6c,0x6c,0x3a,0x23,0x30,
  0x30,0x30,0x30,0x30,0x30,0x3b,0x73,0x74,0x72,0x6f,0x6b,0x65,0x3a,0x23,0x30,0x30,
  0x30,0x30,0x30,0x30,0x3b,0x73,0x74,0x72,0x6f,0x6b,0x65,0x2d,0x77,0x69,0x64,0x74,
  0x68,0x3a,0x30,0x2e,0x35,0x39,0x39,0x33,0x33,0x35,0x3b,0x73,0x74,0x72,0x6f,0x6b,
  0x65,0x2d,0x64,0x61,0x73,0x68,0x61,0x72,0x72,0x61,0x79,0x3a,0x6e,0x6f,0x6e,0x65,
  0x3b,0x73,0x74,0x72,0x6f,0x6b,0x65,0x2d,0x6f,0x70,0x61,0x63,0x69,0x74,0x79,0x3a,
  0x31,0x22,0xa,0x20,0x20,0x20,0x20,0x20,0x20,0x20,0x64,0x3d,0x22,0x6d,0x20,0x31,
  0x31,0x2e,0x33,0x38,0x39,0x36,0x39,0x32,0x2c,0x37,0x2e,0x34,0x35,0x37,0x32,0x32,
  0x31,0x20,0x30,0x2e,0x30,0x34,0x30,0x36,0x36,0x2c,0x2d,0x33,0x2e,0x33,0x35,0x37,
  0x32,0x32,0x32,0x34,0x22,0xa,0x20,0x20,0x20,0x20,0x20,0x20,0x20,0x69,0x64,0x3d,
  0x22,0x70,0x61,0x74,0x68,0x32,0x2d,0x38,0x22,0x20,0x2f,0x3e,0xa,0x20,0x20,0x20,
  0x20,0x3c,0x70,0x61,0x74,0x68,0xa,0x20,0x20,0x20,0x20,0x20,0x20,0x20,0x73,0x74,
  0x79,0x6c,0x65,0x3d,0x22,0x66,0x69,0x6c,0x6c,0x3a,0x23,0x30,0x30,0x30,0x30,0x30,
  0x30,0x3b,0x73,0x74,0x72,0x6f,0x6b,0x65,0x3a,0x23,0x30,0x30,0x30,0x30,0x30,0x30,
  0x3b,0x73,0x74,0x72,0x6f,0x6b,0x65,0x2d,0x77,0x69,0x64,0x74,0x68,0x3a,0x30,0x2e,
  0x35,0x39,0x39,0x33,0x33,0x35,0x3b,0x73,0x74,0x72,0x6f,0x6b,0x65,0x2d,0x64,0x61,
  0x73,0x68,0x61,0x72,0x72,0x61,0x79,0x3a,0x6e,0x6f,0x6e,0x65,0x3b,0x73,0x74,0x72,
  0x6f,0x6b,0x65,0x2d,0x6f,0x70,0x61,0x63,0x69,0x74,0x79,0x3a,0x31,0x22,0xa,0x20,
  0x20,0x20,0x20,0x20,0x20,0x20,0x64,0x3d,0x22,0x6d,0x20,0x30,0x2e,0x39,0x32,0x36,
  0x34,0x32,0x31,0x34,0x35,0x2c,0x37,0x2e,0x34,0x34,0x31,0x39,0x37,0x33,0x37,0x20,
  0x30,0x2e,0x30,0x34,0x30,0x36,0x36,0x2c,0x2d,0x33,0x2e,0x33,0x35,0x37,0x32,0x32,
  0x32,0x34,0x22,0xa,0x20,0x20,0x20,0x20,0x20,0x20,0x20,0x69,0x64,0x3d,0x22,0x70,
  0x61,0x74,0x68,0x32,0x2d,0x38,0x2d,0x31,0x22,0x20,0x2f,0x3e,0xa,0x20,0x20,0x3c,
  0x2f,0x67,0x3e,0xa,0x3c,0x2f,0x73,0x76,0x67,0x3e,0xa,
    // sketch_new_1.svg
  0x0,0x0,0x7,0x5c,
  0x28,
  0xb5,0x2f,0xfd,0x60,0xef,0x1a,0x95,0x3a,0x0,0x5a,0x5a,0x28,0xf,0x28,0x10,0x8d,
  0x38,0x7,0x9b,0xc5,0x34,0x8a,0x11,0x76,0x9a,0xb3,0xb6,0x45,0x24,0x80,0x60,0xac,
  0xcb,0x86,0xf3,0x72,0xc7,0xce,0x52,0xe6,0xa6,0xa4,0x44,0xfe,0x36,0x19,0x8c,0xe6,
  0x0,0x0,0x50,0x1,0x5,0x2,0x15,0x1,0xf8,0x0,0xc2,0x0,0xcc,0xe4,0xa9,0xb0,
  0x57,0xf6,0x5c,0x9a,0x8d,0x9b,0xfb,0xeb,0xd5,0xa1,0xd9,0xc,0xd9,0x42,0x5c,0x1a,
  0x12,0x8,0x9a,0xd0,0x20,0xa2,0xa9,0x39,0xf,0x4,0x44,0x22,0x99,0x9e,0x9,0x4,
  0x33,0x4d,0x9a,0x4,0xc2,0x1,0xa1,0xf3,0x20,0x35,0x27,0x6a,0xa0,0x86,0xa8,0x3d,
  0x38,0x9a,0x83,0xe3,0x72,0x69,0x54,0x20,0xa7,0x71,0x90,0x2a,0x90,0x83,0xc4,0xb9,
  0x26,0xa6,0x7,0xba,0xa8,0x39,0x11,0xd4,0xf0,0x8,0xb0,0x34,0x22,0x28,0x2,0x39,
  0x1a,0xa4,0xa1,0x2c,0xe8,0x30,0x10,0x58,0xdc,0x5d,0x6a,0xc5,0x99,0x9c,0x75,0xc,
  0x82,0x7,0x8,0x16,0x53,0x9b,0xac,0xf6,0x68,0x8e,0x8,0x2,0x92,0xd6,0x42,0x6a,
  0x8e,0x86,0x22,0x31,0xa4,0xc9,0x42,0x9,0x95,0x36,0x91,0xe0,0xe0,0x98,0xda,0x43,
  0x93,0x34,0x13,0x7,0xe4,0x30,0x28,0xd2,0x82,0x22,0xc3,0xc7,0x70,0x5e,0x2a,0xc5,
  0x3e,0x3a,0x75,0x1f,0x2,0x54,0xae,0x65,0x2c,0xd,0xe7,0xc1,0x5e,0x89,0xea,0xd4,
  0x2d,0xd,0x9,0xc8,0x40,0xa5,0x3d,0x11,0x93,0x3,0xe4,0x69,0xe,0x8b,0xef,0xd2,
  0x70,0x98,0x1c,0xa5,0x14,0x20,0x11,0x12,0x83,0x82,0x2,0x1,0x86,0x51,0xb,0xb,
  0x48,0x4,0xad,0x67,0x55,0x2a,0x95,0xc5,0x82,0x41,0x99,0x26,0x7,0x1,0xaa,0x51,
  0x1a,0x87,0xf4,0x30,0x61,0xa0,0x1c,0xa6,0xa7,0xa2,0x9c,0x36,0x35,0x2d,0x3a,0xa0,
  0x18,0x6,0x0,0x83,0x2,0x81,0x2,0xb,0x34,0x59,0x1a,0x6d,0x2,0x45,0x1a,0x67,
  0xd2,0x4c,0x92,0x5a,0x9c,0x49,0xf0,0x0,0xc2,0xd2,0x80,0x4c,0x1e,0x7,0x72,0x4c,
  0x9a,0x5a,0x6e,0xe1,0xd2,0x98,0x40,0x8f,0x14,0xb5,0x8,0x15,0x91,0x48,0x14,0x60,
  0x8,0x8b,0xdf,0xab,0x59,0xdf,0x22,0xf6,0x32,0x5b,0x55,0x5e,0xcb,0xc,0xfe,0x29,
  0x63,0x2b,0x51,0x45,0x50,0xce,0xf6,0x15,0xc8,0x7c,0xb9,0x73,0xa1,0x72,0x80,0x8c,
  0xd7,0x4d,0x34,0x51,0xd4,0x38,0x6c,0x29,0xe3,0x89,0x44,0x6d,0x7a,0x24,0xb9,0x8e,
  0xb1,0xe,0xb7,0x83,0x5,0x60,0xb4,0x7,0x28,0x6a,0x13,0x68,0xc2,0x88,0x44,0x9e,
  0xc7,0x42,0xfb,0x5e,0xbe,0xa2,0x99,0x9f,0xfb,0x31,0x2,0xda,0xd4,0x44,0x22,0xe8,
  0x21,0x4d,0x9a,0x68,0x82,0x38,0xcd,0x81,0x24,0x14,0x8,0x28,0x82,0xa8,0x6,0x4b,
  0x23,0xd2,0x1a,0x9a,0x8,0x24,0x99,0xc9,0x65,0x72,0xb1,0x23,0xc3,0xf7,0x40,0x98,
  0x67,0xfe,0xee,0xc5,0xf8,0xeb,0xbb,0x50,0x97,0xc6,0x84,0xf3,0x5f,0xff,0xaf,0xab,
  0x98,0xa8,0x18,0x8a,0x35,0x23,0xde,0xda,0x64,0x24,0x50,0x22,0x1c,0x9d,0x98,0x5a,
  0xc4,0x43,0x59,0x78,0x4e,0x4d,0x7a,0x3c,0xa0,0x65,0x0,0x32,0x6,0x30,0x98,0x89,
  0x89,0x2,0x4d,0x9e,0x4d,0x45,0x72,0x9a,0x48,0x41,0xd4,0xb4,0xc9,0x13,0xc1,0x46,
  0x89,0xb4,0x48,0xc3,0x23,0x3d,0x11,0x12,0xa4,0x84,0xa2,0x87,0x32,0x39,0xda,0xe3,
  0xd1,0x18,0x87,0x49,0x7a,0x34,0x67,0xb1,0x50,0x4b,0x93,0x22,0xcd,0xe3,0xc1,0x1,
  0x45,0x18,0xc5,0x35,0x4f,0x4,0x2d,0xae,0x2c,0x71,0x61,0xa7,0xc2,0x99,0xde,0xad,
  0xcf,0xe9,0x91,0x20,0x6c,0x13,0x4d,0x24,0x8a,0x20,0x9c,0x36,0xe1,0x91,0x3c,0x12,
  0x8d,0xc4,0x99,0x44,0x89,0xc6,0xc3,0xcb,0xc7,0xd8,0xb7,0x5e,0x29,0x6f,0xf2,0x62,
  0x2f,0x76,0xee,0x72,0xd5,0x8f,0x6b,0x5f,0xbf,0x15,0xff,0xdd,0xba,0x23,0x4b,0xc4,
  0x7b,0xdc,0x66,0x7e,0x8c,0x8b,0xa9,0xcd,0x66,0xc6,0xb4,0xb9,0x1b,0x7f,0x1d,0x19,
  0xe6,0xeb,0xb3,0x64,0x88,0x7a,0xb7,0x58,0xf9,0x1e,0x3a,0xdb,0x63,0x8c,0xf3,0x54,
  0x79,0xb5,0xb3,0x31,0xd7,0xaa,0xff,0xdf,0xc4,0xd6,0xd4,0xc7,0x76,0xe6,0xcb,0xfa,
  0xcc,0x98,0xe7,0xee,0x65,0x6a,0x23,0x2e,0x55,0xb9,0x8c,0xbb,0xbd,0x56,0xf1,0xc7,
  0x8c,0xee,0xbd,0x9c,0x8c,0x21,0x2f,0x7b,0x6d,0xed,0x64,0x8b,0x15,0xda,0x7b,0xf7,
  0xcb,0x10,0x13,0xfd,0xf6,0x19,0x35,0x75,0xa5,0xd2,0x66,0xac,0xff,0x7f,0xfd,0x15,
  0x5b,0xf9,0x7d,0xb5,0x2,0x97,0xa1,0x3f,0x1f,0x50,0xe9,0xde,0xce,0xfa,0x9b,0x91,
  0x21,0x1e,0x6b,0xf0,0x54,0x4f,0x8,0xf6,0x2f,0xd3,0xfd,0x67,0x5d,0x98,0x9a,0xbf,
  0xed,0xdc,0xbd,0xdc,0x55,0x99,0x39,0x3a,0x3e,0x2e,0xe6,0x8d,0x7f,0xd7,0x8c,0xbb,
  0xf,0x19,0x45,0xf4,0xf5,0x5,0xea,0xf9,0x99,0xa2,0x62,0x99,0x3b,0xb2,0x64,0x9e,
  0xd9,0x67,0x9b,0xfb,0x7b,0xb,0x11,0x19,0xd6,0xbb,0x1,0xa,0x4,0x20,0x11,0xd2,
  0x82,0x21,0xff,0x9d,0x25,0xaa,0xae,0x3b,0xe6,0x9b,0x1f,0x93,0x97,0xfa,0x26,0xdb,
  0x7b,0x47,0x3f,0x67,0xb8,0xaa,0xfc,0xcd,0x9d,0x8e,0x8,0x7f,0xd9,0xea,0x2d,0x65,
  0x14,0xcd,0x96,0x29,0x8e,0x51,0x30,0xc8,0x2c,0x30,0xaa,0xdf,0xff,0x2a,0x78,0x95,
  0x93,0xf9,0x64,0xa7,0x60,0xbf,0x5d,0x7f,0x1,0x12,0x4f,0x34,0x35,0x92,0x53,0x3c,
  0xf7,0x31,0xea,0x9d,0x31,0x63,0xea,0xde,0x97,0xa9,0xc7,0xa7,0x1c,0x99,0xa7,0x22,
  0x94,0x2b,0x73,0x67,0xbe,0xdc,0x9d,0x89,0xd8,0xdd,0x98,0xbf,0x58,0x49,0xf6,0xf1,
  0x78,0xe4,0xe8,0xf7,0xf5,0xd1,0x55,0x35,0x2f,0xbd,0xf5,0x75,0xdd,0xe3,0xe1,0xbc,
  0xf3,0x1,0x5a,0xc4,0x11,0x3d,0x8e,0x5,0xc5,0xcf,0xbb,0x4c,0x64,0x45,0xd5,0x6e,
  0xf6,0xeb,0xcf,0xd3,0xff,0x7f,0xcd,0xe5,0xed,0x3e,0xdc,0x56,0xbd,0xe5,0x46,0xee,
  0xfb,0xbd,0x55,0xa6,0x7c,0x97,0xcc,0x19,0xcb,0x3c,0x46,0x64,0x45,0x74,0x7f,0x77,
  0x56,0x65,0x22,0x4d,0x80,0xa5,0x81,0x4c,0xb9,0x17,0xe2,0xb3,0xee,0xbf,0xd3,0xef,
  0xe7,0x67,0xcc,0xa9,0x60,0xfa,0xcc,0xd0,0x53,0x17,0x1d,0xd7,0xa1,0x52,0x65,0xc8,
  0x7a,0xbd,0x89,0xf9,0xe8,0xcc,0x19,0x81,0x97,0xa8,0x1,0xa9,0x72,0xa,0xa1,0x1a,
  0x92,0x24,0x49,0xa,0x6d,0x6,0x81,0x14,0x62,0x9c,0x73,0x16,0xc2,0x73,0x22,0x9a,
  0x1a,0xe2,0x38,0x8a,0x41,0x62,0x8,0x31,0x8a,0x88,0x8c,0x90,0x4,0x92,0x46,0x59,
  0x5,0x5,0x49,0xa1,0x3,0x6b,0xd2,0x82,0xe2,0x8,0xb9,0xf2,0xe5,0x59,0x78,0x55,
  0xe0,0x7e,0xe7,0x96,0xfc,0xc5,0x6e,0xa0,0xbf,0xc6,0x3b,0x4a,0xdc,0x20,0x4e,0x6b,
  0x9e,0x11,0xed,0x8,0x6,0xae,0x3,0x4f,0x46,0xc7,0x35,0x34,0x1b,0x91,0x1d,0xa0,
  0xc6,0x99,0x4d,0x84,0xa,0x74,0xa0,0x1c,0x58,0x20,0x67,0xaa,0xb7,0xeb,0x94,0x5a,
  0xf5,0x18,0xa7,0x77,0xd6,0x2e,0x79,0x4c,0x51,0xe5,0xc,0x9b,0x90,0xdd,0x92,0x8c,
  0x81,0xce,0x1d,0x31,0x1d,0x56,0x40,0x39,0x52,0x73,0xd8,0xdc,0x3c,0x26,0x16,0x90,
  0xa2,0x4,0x71,0x0,0x94,0x6e,0xbc,0xb1,0x60,0x5a,0xa,0x23,0x60,0x1,0x16,0x67,
  0x2e,0xe,0x77,0x37,0x3a,0x5a,0xc2,0xb0,0x51,0xa8,0x13,0x60,0xbd,0x9d,0x70,0xcb,
  0x51,0xff,0xf1,0xbc,0x3d,0xec,0xb,0x87,0x38,0x6b,0xfd,0x72,0x23,0x78,0xce,0x8b,
  0x45,0x7,0xe4,0x8d,0xb6,0xf2,0xf8,0x5b,0xe5,0x43,0x5c,0x6b,0xcb,0x48,0x6d,0xb,
  0x68,0xe9,0xd6,0x30,0xe6,0x70,0xe5,0x51,0xc7,0x22,0x4c,0x79,0xfb,0xe5,0xca,0x4,
  0x8b,0xae,0x81,0x7f,0xa5,0xa2,0x77,0xd5,0x89,0x43,0x33,0x25,0x5d,0xd3,0xe9,0x89,
  0x8d,0x15,0x9d,0x19,0xf0,0xe3,0xa0,0x5,0xb9,0x24,0x45,0x0,0xb4,0x9f,0xab,0xa0,
  0x1c,0xc3,0xd5,0xed,0x79,0xd4,0xe4,0x42,0x68,0x0,0x6c,0x90,0xf1,0xde,0xda,0x15,
  0x74,0x64,0x9d,0xf1,0x4c,0x91,0x4,0x6f,0xa9,0x93,0xdf,0x3d,0xa1,0x6d,0x6f,0x9a,
  0xc6,0x54,0x31,0x4e,0x98,0x96,0x55,0xb0,0x79,0xe,0xe5,0x86,0x4e,0xa1,0xb7,0xd7,
  0xd6,0x4,0xf2,0xea,0xc6,0x2a,0xb5,0x22,0x8a,0x8a,0xce,0x6a,0x12,0x91,0x61,0x47,
  0x3c,0x3d,0xbb,0xe5,0xcd,0x81,0x7c,0xc4,0x42,0x57,0xb6,0x98,0x75,0x84,0x70,0xa3,
  0x2f,0x15,0xef,0xcc,0x47,0xdd,0x49,0xab,0x1c,0x98,0xdd,0x8b,0x7f,0x49,0x37,0x3e,
  0xee,0xb9,0x25,0x5b,0xac,0x3d,0xbf,0xd8,0x51,0x4f,0x82,0x13,0x1b,0xff,0x57,0xd6,
  0x30,0x7d,0x6f,0xda,0xe5,0x20,0x5b,0x6d,0xee,0x50,0xf2,0x66,0xca,0x78,0x5d,0xad,
  0x34,0x78,0xc2,0xa,0x50,0xd2,0xcb,0xbc,0x9f,0xe0,0x14,0x84,0x6,0x9,0x82,0xcd,
  0x67,0x8e,0x67,0xca,0xf7,0xf2,0xbd,0x74,0x4b,0xbd,0xf2,0x49,0x2d,0x13,0x5a,0x75,
  0x51,0xea,0x2a,0x5b,0x80,0x95,0x95,0xd5,0x5c,0xa1,0x58,0xad,0x5d,0x6a,0xb3,0xee,
  0x83,0x69,0x87,0x31,0xd,0x6d,0x4f,0x89,0xa6,0xeb,0x69,0x1f,0x1c,0x8f,0xb4,0xf9,
  0x2,0x80,0xa,0x9b,0x2e,0x1c,0x58,0x85,0x1c,0xae,0x56,0xda,0x26,0x8b,0x83,0xa7,
  0x3a,0x2a,0x6f,0xa8,0xed,0x15,0x37,0xef,0x87,0xb1,0x42,0xb,0xe6,0x80,0xeb,0xfd,
  0xca,0x62,0x98,0x1b,0xa0,0x9,0x5d,0x82,0xfe,0xfe,0x10,0xf9,0x21,0xb0,0xce,0x3c,
  0x24,0x33,0x4f,0x89,0x9,0x67,0xbd,0x3c,0xf5,0x86,0x51,0x1c,0x42,0x5a,0xd7,0xad,
  0x9b,0x21,0x7e,0xec,0x86,0x9b,0xd3,0x7f,0x5,0xeb,0xce,0xdf,0x2a,0x74,0x6f,0xaa,
  0x59,0xc,0x94,0x60,0xa0,0x5a,0x36,0x4,0x27,0x50,0x2c,0x24,0xca,0x5,0x3d,0xa2,
  0x61,0x26,0x79,0xa3,0xaf,0x43,0xcc,0x52,0x9d,0x5c,0x6d,0xc7,0xc,0x0,0xad,0xae,
  0x30,0xa6,0x9d,0x45,0x12,0xfe,0x2f,0x72,0x1,0x86,0x63,0xa,0x6b,0x5c,0xb4,0x66,
  0x20,0xb1,0x93,0x60,0x82,0xcb,0x21,0xe8,0xbd,0xd8,0xc4,0xbf,0x24,0x29,0x30,0xa2,
  0x11,0x66,0x56,0x79,0x80,0xc4,0xd3,0x89,0xd4,0x8d,0x74,0xdc,0x62,0xf7,0x79,0x6b,
  0xc8,0xce,0xab,0x4a,0x53,0x3d,0x8e,0x59,0x9c,0xa,0x24,0xd0,0x3c,0x2f,0x73,0x50,
  0xa1,0xbf,0xaf,0x68,0xbd,0x7e,0x2e,0x58,0xdf,0x66,0xb7,0x2a,0xf,0x40,0x46,0xdb,
  0x13,0x3d,0x47,0xbd,0x25,0xb7,0xa4,0x80,0x7d,0xe3,0x7e,0x84,0x72,0x45,0xbb,0x25,
  0x92,0xde,0x3f,0x8f,0x6f,0xed,0x2e,0xdf,0xf1,0x62,0xc7,0x29,0x71,0xb4,0x7,0xa4,
  0x31,0x6c,0x21,0x64,0x20,0x19,0x42,0xa,0xb9,0x89,0x2,0x81,0x4d,0x72,0x99,0xbb,
  0x27,0x23,0x3a,0xfb,0x9d,0xee,0xc2,0xeb,0xe6,0x32,0x5e,0xee,0x87,0x55,0x9e,0x4,
  0x4f,0x19,0x1f,0xd4,0x3,0x9c,0x76,0xd0,0x4b,0x94,0x95,0x6e,0xe5,0xf5,0x4,0x9f,
  0x3a,0x7b,0x1d,0xe1,0x7b,0x1e,0x40,0xa7,0xe3,0xc5,0xa,0x2e,0x3c,0xeb,0x49,0x97,
  0x9e,0x36,0x5a,0x84,0x88,0x16,0xba,0xfc,0xeb,0x4,0x6b,0xd7,0x4c,0xf8,0x9e,0x19,
  0x48,0xd0,0x10,0x2a,0xd2,0xd9,0x32,0x74,0x82,0x94,0xd7,0x48,0x5,0xa,0xe0,0x5a,
  0x99,0x9a,0x4d,0x48,0xe6,0x1c,0x5d,0x1c,0x13,0xb1,0x91,0x89,0x9c,0x3d,0xb5,0x74,
  0x80,0x92,0x11,0x2e,0x66,0x11,0xbe,0x0,0x6b,0x3c,0x2c,0x5c,0xc1,0x94,0x41,0x10,
  0xf3,0xe,0xbe,0xd6,0xbf,0x9b,0xa8,0x3f,0x2c,0x80,0x6c,0x8d,0x90,0xf3,0x88,0xb3,
  0x51,0x8d,0x20,0xc4,0x68,0x9a,0x61,0x59,0x87,0x9c,0xd8,0x2b,0xe6,0x75,0x28,0x0,
  0xe2,0x64,0xad,0xe1,0x62,0x67,0x84,0x71,0x70,0x7f,0x78,0x80,0xc0,0x29,0x7f,0xe,
  0x26,0x63,0x8,0x47,0xc3,0x5c,0x5,0x13,0x35,0xc8,0x63,0xf7,0x8d,0x66,0x49,0x87,
  0xa2,0xbb,0x88,0x66,0x95,0x52,0x7b,0xac,0x8b,0x1d,0xfa,0xde,0x1,0x6f,0xb2,0xab,
  0xf6,0xa4,0x86,0x52,0xab,0x82,0x89,0x57,0x25,0x24,0xff,0xb2,0xc5,0x4d,0xb0,0xe0,
  0x4b,0xa2,0xb9,0x88,0xa1,0x19,0x49,0x7d,0xf8,0xdd,0xaa,
    // sketch_constraint_vertical.svg
  0x0,0x0,0xb,0x2e,
  0x3c,
  0x3f,0x78,0x6d,0x6c,0x20,0x76,0x65,0x72,0x73,0x69,0x6f,0x6e,0x3d,0x22,0x31,0x2e,
  0x30,0x22,0x20,0x65,0x6e,0x63,0x6f,0x64,0x69,0x6e,0x67,0x3d,0x22,0x55,0x54,0x46,
  0x2d,0x38,0x22,0x20,0x73,0x74,0x61,0x6e,0x64,0x61,0x6c,0x6f,0x6e,0x65,0x3d,0x22,
  0x6e,0x6f,0x22,0x3f,0x3e,0xa,0x3c,0x21,0x2d,0x2d,0x20,0x43,0x72,0x65,0x61,0x74,
  0x65,0x64,0x20,0x77,0x69,0x74,0x68,0x20,0x49,0x6e,0x6b,0x73,0x63,0x61,0x70,0x65,
  0x20,0x28,0x68,0x74,0x74,0x70,0x3a,0x2f,0x2f,0x77,0x77,0x77,0x2e,0x69,0x6e,0x6b,
  0x73,0x63,0x61,0x70,0x65,0x2e,0x6f,0x72,0x67,0x2f,0x29,0x20,0x2d,0x2d,0x3e,0xa,
  0xa,0x3c,0x73,0x76,0x67,0xa,0x20,0x20,0x20,0x77,0x69,0x64,0x74,0x68,0x3d,0x22,
  0x34,0x38,0x22,0xa,0x20,0x20,0x20,0x68,0x65,0x69,0x67,0x68,0x74,0x3d,0x22,0x34,
  0x38,0x22,0xa,0x20,0x20,0x20,0x76,0x69,0x65,0x77,0x42,0x6f,0x78,0x3d,0x22,0x30,
  0x20,0x30,0x20,0x31,0x32,0x2e,0x37,0x20,0x31,0x32,0x2e,0x37,0x22,0xa,0x20,0x20,
  0x20,0x76,0x65,0x72,0x73,0x69,0x6f,0x6e,0x3d,0x22,0x31,0x2e,0x31,0x22,0xa,0x20,
  0x20,0x20,0x69,0x64,0x3d,0x22,0x73,0x76,0x67,0x31,0x22,0xa,0x20,0x20,0x20,0x69,
  0x6e,0x6b,0x73,0x63,0x61,0x70,0x65,0x3a,0x76,0x65,0x72,0x73,0x69,0x6f,0x6e,0x3d,
  0x22,0x31,0x2e,0x34,0x2e,0x32,0x20,0x28,0x66,0x34,0x33,0x32,0x37,0x66,0x34,0x2c,
  0x20,0x32,0x30,0x32,0x35,0x2d,0x30,0x35,0x2d,0x31,0x33,0x29,0x22,0xa,0x20,0x20,
  0x20,0x73,0x6f,0x64,0x69,0x70,0x6f,0x64,0x69,0x3a,0x64,0x6f,0x63,0x6e,0x61,0x6d,
  0x65,0x3d,0x22,0x73,0x6b,0x65,0x74,0x63,0x68,0x5f,0x63,0x6f,0x6e,0x73,0x74,0x72,
  0x61,0x69,0x6e,0x74,0x5f,0x76,0x65,0x72,0x74,0x69,0x63,0x61,0x6c,0x2e,0x73,0x76,
  0x67,0x22,0xa,0x20,0x20,0x20,0x78,0x6d,0x6c,0x6e,0x73,0x3a,0x69,0x6e,0x6b,0x73,
  0x63,0x61,0x70,0x65,0x3d,0x22,0x68,0x74,0x74,0x70,0x3a,0x2f,0x2f,0x77,0x77,0x77,
  0x2e,0x69,0x6e,0x6b,0x73,0x63,0x61,0x70,0x65,0x2e,0x6f,0x72,0x67,0x2f,0x6e,0x61,
  0x6d,0x65,0x73,0x70,0x61,0x63,0x65,0x73,0x2f,0x69,0x6e,0x6b,0x73,0x63,0x61,0x70,
  0x65,0x22,0xa,0x20,0x20,0x20,0x78,0x6d,0x6c,0x6e,0x73,0x3a,0x73,0x6f,0x64,0x69,
  0x70,0x6f,0x64,0x69,0x3d,0x22,0x68,0x74,0x74,0x70,0x3a,0x2f,0x2f,0x73,0x6f,0x64,
  0x69,0x70,0x6f,0x64,0x69,0x2e,0x73,0x6f,0x75,0x72,0x63,0x65,0x66,0x6f,0x72,0x67,
  0x65,0x2e,0x6e,0x65,0x74,0x2f,0x44,0x54,0x44,0x2f,0x73,0x6f,0x64,0x69,0x70,0x6f,
  0x64,0x69,0x2d,0x30,0x2e,0x64,0x74,0x64,0x22,0xa,0x20,0x20,0x20,0x78,0x6d,0x6c,
  0x6e,0x73,0x3d,0x22,0x68,0x74,0x74,0x70,0x3a,0x2f,0x2f,0x77,0x77,0x77,0x2e,0x77,
  0x33,0x2e,0x6f,0x72,0x67,0x2f,0x32,0x30,0x30,0x30,0x2f,0x73,0x76,0x67,0x22,0xa,
  0x20,0x20,0x20,0x78,0x6d,0x6c,0x6e,0x73,0x3a,0x73,0x76,0x67,0x3d,0x22,0x68,0x74,
  0x74,0x70,0x3a,0x2f,0x2f,0x77,0x77,0x77,0x2e,0x77,0x33,0x2e,0x6f,0x72,0x67,0x2f,
  0x32,0x30,0x30,0x30,0x2f,0x73,0x76,0x67,0x22,0x3e,0xa,0x20,0x20,0x3c,0x73,0x6f,
  0x64,0x69,0x70,0x6f,0x64,0x69,0x3a,0x6e,0x61,0x6d,0x65,0x64,0x76,0x69,0x65,0x77,
  0xa,0x20,0x20,0x20,0x20,0x20,0x69,0x64,0x3d,0x22,0x6e,0x61,0x6d,0x65,0x64,0x76,
  0x69,0x65,0x77,0x31,0x22,0xa,0x20,0x20,0x20,0x20,0x20,0x70,0x61,0x67,0x65,0x63,
  0x6f,0x6c,0x6f,0x72,0x3d,0x22,0x23,0x66,0x66,0x66,0x66,0x66,0x66,0x22,0xa,0x20,
  0x20,0x20,0x20,0x20,0x62,0x6f,0x72,0x64,0x65,0x72,0x63,0x6f,0x6c,0x6f,0x72,0x3d,
  0x22,0x23,0x30,0x30,0x30,0x30,0x30,0x30,0x22,0xa,0x20,0x20,0x20,0x20,0x20,0x62,
  0x6f,0x72,0x64,0x65,0x72,0x6f,0x70,0x61,0x63,0x69,0x74,0x79,0x3d,0x22,0x30,0x2e,
  0x32,0x35,0x22,0xa,0x20,0x20,0x20,0x20,0x20,0x69,0x6e,0x6b,0x73,0x63,0x61,0x70,
  0x65,0x3a,0x73,0x68,0x6f,0x77,0x70,0x61,0x67,0x65,0x73,0x68,0x61,0x64,0x6f,0x77,
  0x3d,0x22,0x32,0x22,0xa,0x20,0x20,0x20,0x20,0x20,0x69,0x6e,0x6b,0x73,0x63,0x61,
  0x70,0x65,0x3a,0x70,0x61,0x67,0x65,0x6f,0x70,0x61,0x63,0x69,0x74,0x79,0x3d,0x22,
  0x30,0x2e,0x30,0x22,0xa,0x20,0x20,0x20,0x20,0x20,0x69,0x6e,0x6b,0x73,0x63,0x61,
  0x70,0x65,0x3a,0x70,0x61,0x67,0x65,0x63,0x68,0x65,0x63,0x6b,0x65,0x72,0x62,0x6f,
  0x61,0x72,0x64,0x3d,0x22,0x30,0x22,0xa,0x20,0x20,0x20,0x20,0x20,0x69,0x6e,0x6b,
  0x73,0x63,0x61,0x70,0x65,0x3a,0x64,0x65,0x73,0x6b,0x63,0x6f,0x6c,0x6f,0x72,0x3d,
  0x22,0x23,0x64,0x31,0x64,0x31,0x64,0x31,0x22,0xa,0x20,0x20,0x20,0x20,0x20,0x69,
  0x6e,0x6b,0x73,0x63,0x61,0x70,0x65,0x3a,0x64,0x6f,0x63,0x75,0x6d,0x65,0x6e,0x74,
  0x2d,0x75,0x6e,0x69,0x74,0x73,0x3d,0x22,0x6d,0x6d,0x22,0xa,0x20,0x20,0x20,0x20,
  0x20,0x73,0x68,0x6f,0x77,0x67,0x75,0x69,0x64,0x65,0x73,0x3d,0x22,0x74,0x72,0x75,
  0x65,0x22,0xa,0x20,0x20,0x20,0x20,0x20,0x69,0x6e,0x6b,0x73,0x63,0x61,0x70,0x65,
  0x3a,0x7a,0x6f,0x6f,0x6d,0x3d,0x22,0x31,0x36,0x2e,0x34,0x32,0x38,0x35,0x32,0x37,
  0x22,0xa,0x20,0x20,0x20,0x20,0x20,0x69,0x6e,0x6b,0x73,0x63,0x61,0x70,0x65,0x3a,
  0x63,0x78,0x3d,0x22,0x31,0x36,0x2e,0x37,0x33,0x39,0x31,0x37,0x36,0x22,0xa,0x20,
  0x20,0x20,0x20,0x20,0x69,0x6e,0x6b,0x73,0x63,0x61,0x70,0x65,0x3a,0x63,0x79,0x3d,
  0x22,0x32,0x38,0x2e,0x34,0x35,0x36,0x35,0x39,0x39,0x22,0xa,0x20,0x20,0x20,0x20,
  0x20,0x69,0x6e,0x6b,0x73,0x63,0x61,0x70,0x65,0x3a,0x77,0x69,0x6e,0x64,0x6f,0x77,
  0x2d,0x77,0x69,0x64,0x74,0x68,0x3d,0x22,0x31,0x39,0x32,0x30,0x22,0xa,0x20,0x20,
  0x20,0x20,0x20,0x69,0x6e,0x6b,0x73,0x63,0x61,0x70,0x65,0x3a,0x77,0x69,0x6e,0x64,
  0x6f,0x77,0x2d,0x68,0x65,0x69,0x67,0x68,0x74,0x3d,0x22,0x31,0x30,0x31,0x37,0x22,
  0xa,0x20,0x20,0x20,0x20,0x20,0x69,0x6e,0x6b,0x73,0x63,0x61,0x70,0x65,0x3a,0x77,
  0x69,0x6e,0x64,0x6f,0x77,0x2d,0x78,0x3d,0x22,0x2d,0x38,0x22,0xa,0x20,0x20,0x20,
  0x20,0x20,0x69,0x6e,0x6b,0x73,0x63,0x61,0x70,0x65,0x3a,0x77,0x69,0x6e,0x64,0x6f,
  0x77,0x2d,0x79,0x3d,0x22,0x2d,0x38,0x22,0xa,0x20,0x20,0x20,0x20,0x20,0x69,0x6e,
  0x6b,0x73,0x63,0x61,0x70,0x65,0x3a,0x77,0x69,0x6e,0x64,0x6f,0x77,0x2d,0x6d,0x61,
  0x78,0x69,0x6d,0x69,0x7a,0x65,0x64,0x3d,0x22,0x31,0x22,0xa,0x20,0x20,0x20,0x20,
  0x20,0x69,0x6e,0x6b,0x73,0x63,0x61,0x70,0x65,0x3a,0x63,0x75,0x72,0x72,0x65,0x6e,
  0x74,0x2d,0x6c,0x61,0x79,0x65,0x72,0x3d,0x22,0x6c,0x61,0x79,0x65,0x72,0x31,0x22,
  0x3e,0xa,0x20,0x20,0x20,0x20,0x3c,0x73,0x6f,0x64,0x69,0x70,0x6f,0x64,0x69,0x3a,
  0x67,0x75,0x69,0x64,0x65,0xa,0x20,0x20,0x20,0x20,0x20,0x20,0x20,0x70,0x6f,0x73,
  0x69,0x74,0x69,0x6f,0x6e,0x3d,0x22,0x31,0x32,0x39,0x2e,0x30,0x30,0x33,0x36,0x38,
  0x2c,0x32,0x37,0x31,0x2e,0x31,0x32,0x36,0x33,0x38,0x22,0xa,0x20,0x20,0x20,0x20,
  0x20,0x20,0x20,0x6f,0x72,0x69,0x65,0x6e,0x74,0x61,0x74,0x69,0x6f,0x6e,0x3d,0x22,
  0x30,0x2c,0x2d,0x31,0x22,0xa,0x20,0x20,0x20,0x20,0x20,0x20,0x20,0x69,0x64,0x3d,
  0x22,0x67,0x75,0x69,0x64,0x65,0x36,0x22,0xa,0x20,0x20,0x20,0x20,0x20,0x20,0x20,
  0x69,0x6e,0x6b,0x73,0x63,0x61,0x70,0x65,0x3a,0x6c,0x6f,0x63,0x6b,0x65,0x64,0x3d,
  0x22,0x66,0x61,0x6c,0x73,0x65,0x22,0x20,0x2f,0x3e,0xa,0x20,0x20,0x3c,0x2f,0x73,
  0x6f,0x64,0x69,0x70,0x6f,0x64,0x69,0x3a,0x6e,0x61,0x6d,0x65,0x64,0x76,0x69,0x65,
  0x77,0x3e,0xa,0x20,0x20,0x3c,0x64,0x65,0x66,0x73,0xa,0x20,0x20,0x20,0x20,0x20,
  0x69,0x64,0x3d,0x22,0x64,0x65,0x66,0x73,0x31,0x22,0x3e,0xa,0x20,0x20,0x20,0x20,
  0x3c,0x69,0x6e,0x6b,0x73,0x63,0x61,0x70,0x65,0x3a,0x70,0x61,0x74,0x68,0x2d,0x65,
  0x66,0x66,0x65,0x63,0x74,0xa,0x20,0x20,0x20,0x20,0x20,0x20,0x20,0x65,0x66,0x66,
  0x65,0x63,0x74,0x3d,0x22,0x73,0x70,0x69,0x72,0x6f,0x22,0xa,0x20,0x20,0x20,0x20,
  0x20,0x20,0x20,0x69,0x64,0x3d,0x22,0x70,0x61,0x74,0x68,0x2d,0x65,0x66,0x66,0x65,
  0x63,0x74,0x33,0x22,0xa,0x20,0x20,0x20,0x20,0x20,0x20,0x20,0x69,0x73,0x5f,0x76,
  0x69,0x73,0x69,0x62,0x6c,0x65,0x3d,0x22,0x74,0x72,0x75,0x65,0x22,0xa,0x20,0x20,
  0x20,0x20,0x20,0x20,0x20,0x6c,0x70,0x65,0x76,0x65,0x72,0x73,0x69,0x6f,0x6e,0x3d,
  0x22,0x31,0x22,0x20,0x2f,0x3e,0xa,0x20,0x20,0x20,0x20,0x3c,0x69,0x6e,0x6b,0x73,
  0x63,0x61,0x70,0x65,0x3a,0x70,0x61,0x74,0x68,0x2d,0x65,0x66,0x66,0x65,0x63,0x74,
  0xa,0x20,0x20,0x20,0x20,0x20,0x20,0x20,0x65,0x66,0x66,0x65,0x63,0x74,0x3d,0x22,
  0x73,0x70,0x69,0x72,0x6f,0x22,0xa,0x20,0x20,0x20,0x20,0x20,0x20,0x20,0x69,0x64,
  0x3d,0x22,0x70,0x61,0x74,0x68,0x2d,0x65,0x66,0x66,0x65,0x63,0x74,0x32,0x22,0xa,
  0x20,0x20,0x20,0x20,0x20,0x20,0x20,0x69,0x73,0x5f,0x76,0x69,0x73,0x69,0x62,0x6c,
  0x65,0x3d,0x22,0x74,0x72,0x75,0x65,0x22,0xa,0x20,0x20,0x20,0x20,0x20,0x20,0x20,
  0x6c,0x70,0x65,0x76,0x65,0x72,0x73,0x69,0x6f,0x6e,0x3d,0x22,0x31,0x22,0x20,0x2f,
  0x3e,0xa,0x20,0x20,0x20,0x20,0x3c,0x69,0x6e,0x6b,0x73,0x63,0x61,0x70,0x65,0x3a,
  0x70,0x61,0x74,0x68,0x2d,0x65,0x66,0x66,0x65,0x63,0x74,0xa,0x20,0x20,0x20,0x20,
  0x20,0x20,0x20,0x65,0x66,0x66,0x65,0x63,0x74,0x3d,0x22,0x73,0x70,0x69,0x72,0x6f,
  0x22,0xa,0x20,0x20,0x20,0x20,0x20,0x20,0x20,0x69,0x64,0x3d,0x22,0x70,0x61,0x74,
  0x68,0x2d,0x65,0x66,0x66,0x65,0x63,0x74,0x31,0x22,0xa,0x20,0x20,0x20,0x20,0x20,
  0x20,0x20,0x69,0x73,0x5f,0x76,0x69,0x73,0x69,0x62,0x6c,0x65,0x3d,0x22,0x74,0x72,
  0x75,0x65,0x22,0xa,0x20,0x20,0x20,0x20,0x20,0x20,0x20,0x6c,0x70,0x65,0x76,0x65,
  0x72,0x73,0x69,0x6f,0x6e,0x3d,0x22,0x31,0x22,0x20,0x2f,0x3e,0xa,0x20,0x20,0x20,
  0x20,0x3c,0x6c,0x69,0x6e,0x65,0x61,0x72,0x47,0x72,0x61,0x64,0x69,0x65,0x6e,0x74,
  0xa,0x20,0x20,0x20,0x20,0x20,0x20,0x20,0x69,0x64,0x3d,0x22,0x73,0x77,0x61,0x74,
  0x63,0x68,0x32,0x38,0x22,0x3e,0xa,0x20,0x20,0x20,0x20,0x20,0x20,0x3c,0x73,0x74,
  0x6f,0x70,0xa,0x20,0x20,0x20,0x20,0x20,0x20,0x20,0x20,0x20,0x73,0x74,0x79,0x6c,
  0x65,0x3d,0x22,0x73,0x74,0x6f,0x70,0x2d,0x63,0x6f,0x6c,0x6f,0x72,0x3a,0x23,0x30,
  0x30,0x30,0x30,0x30,0x30,0x3b,0x73,0x74,0x6f,0x70,0x2d,0x6f,0x70,0x61,0x63,0x69,
  0x74,0x79,0x3a,0x31,0x3b,0x22,0xa,0x20,0x20,0x20,0x20,0x20,0x20,0x20,0x20,0x20,
  0x6f,0x66,0x66,0x73,0x65,0x74,0x3d,0x22,0x30,0x22,0xa,0x20,0x20,0x20,0x20,0x20,
  0x20,0x20,0x20,0x20,0x69,0x64,0x3d,0x22,0x73,0x74,0x6f,0x70,0x32,0x38,0x22,0x20,
  0x2f,0x3e,0xa,0x20,0x20,0x20,0x20,0x3c,0x2f,0x6c,0x69,0x6e,0x65,0x61,0x72,0x47,
  0x72,0x61,0x64,0x69,0x65,0x6e,0x74,0x3e,0xa,0x20,0x20,0x20,0x20,0x3c,0x69,0x6e,
  0x6b,0x73,0x63,0x61,0x70,0x65,0x3a,0x70,0x65,0x72,0x73,0x70,0x65,0x63,0x74,0x69,
  0x76,0x65,0xa,0x20,0x20,0x20,0x20,0x20,0x20,0x20,0x73,0x6f,0x64,0x69,0x70,0x6f,
  0x64,0x69,0x3a,0x74,0x79,0x70,0x65,0x3d,0x22,0x69,0x6e,0x6b,0x73,0x63,0x61,0x70,
  0x65,0x3a,0x70,0x65,0x72,0x73,0x70,0x33,0x64,0x22,0xa,0x20,0x20,0x20,0x20,0x20,
  0x20,0x20,0x69,0x6e,0x6b,0x73,0x63,0x61,0x70,0x65,0x3a,0x76,0x70,0x5f,0x78,0x3d,
  0x22,0x2d,0x32,0x34,0x2e,0x30,0x31,0x31,0x35,0x37,0x36,0x20,0x3a,0x20,0x31,0x34,
  0x2e,0x30,0x32,0x31,0x33,0x34,0x33,0x20,0x3a,0x20,0x31,0x22,0xa,0x20,0x20,0x20,
  0x20,0x20,0x20,0x20,0x69,0x6e,0x6b,0x73,0x63,0x61,0x70,0x65,0x3a,0x76,0x70,0x5f,
  0x79,0x3d,0x22,0x30,0x20,0x3a,0x20,0x39,0x39,0x39,0x2e,0x39,0x39,0x39,0x39,0x38,
  0x20,0x3a,0x20,0x30,0x22,0xa,0x20,0x20,0x20,0x20,0x20,0x20,0x20,0x69,0x6e,0x6b,
  0x73,0x63,0x61,0x70,0x65,0x3a,0x76,0x70,0x5f,0x7a,0x3d,0x22,0x33,0x31,0x2e,0x34,
  0x38,0x34,0x39,0x31,0x20,0x3a,0x20,0x31,0x35,0x2e,0x37,0x37,0x39,0x35,0x35,0x39,
  0x20,0x3a,0x20,0x31,0x22,0xa,0x20,0x20,0x20,0x20,0x20,0x20,0x20,0x69,0x6e,0x6b,
  0x73,0x63,0x61,0x70,0x65,0x3a,0x70,0x65,0x72,0x73,0x70,0x33,0x64,0x2d,0x6f,0x72,
  0x69,0x67,0x69,0x6e,0x3d,0x22,0x31,0x30,0x35,0x20,0x3a,0x20,0x2d,0x31,0x38,0x35,
  0x2e,0x33,0x20,0x3a,0x20,0x31,0x22,0xa,0x20,0x20,0x20,0x20,0x20,0x20,0x20,0x69,
  0x64,0x3d,0x22,0x70,0x65,0x72,0x73,0x70,0x65,0x63,0x74,0x69,0x76,0x65,0x31,0x22,
  0x20,0x2f,0x3e,0xa,0x20,0x20,0x3c,0x2f,0x64,0x65,0x66,0x73,0x3e,0xa,0x20,0x20,
  0x3c,0x67,0xa,0x20,0x20,0x20,0x20,0x20,0x69,0x6e,0x6b,0x73,0x63,0x61,0x70,0x65,
  0x3a,0x6c,0x61,0x62,0x65,0x6c,0x3d,0x22,0x4c,0x61,0x79,0x65,0x72,0x20,0x31,0x22,
  0xa,0x20,0x20,0x20,0x20,0x20,0x69,0x6e,0x6b,0x73,0x63,0x61,0x70,0x65,0x3a,0x67,
  0x72,0x6f,0x75,0x70,0x6d,0x6f,0x64,0x65,0x3d,0x22,0x6c,0x61,0x79,0x65,0x72,0x22,
  0xa,0x20,0x20,0x20,0x20,0x20,0x69,0x64,0x3d,0x22,0x6c,0x61,0x79,0x65,0x72,0x31,
  0x22,0x3e,0xa,0x20,0x20,0x20,0x20,0x3c,0x70,0x61,0x74,0x68,0xa,0x20,0x20,0x20,
  0x20,0x20,0x20,0x20,0x73,0x74,0x79,0x6c,0x65,0x3d,0x22,0x66,0x69,0x6c,0x6c,0x3a,
  0x23,0x30,0x63,0x38,0x61,0x30,0x30,0x3b,0x66,0x69,0x6c,0x6c,0x2d,0x6f,0x70,0x61,
  0x63,0x69,0x74,0x79,0x3a,0x31,0x3b,0x73,0x74,0x72,0x6f,0x6b,0x65,0x3a,0x23,0x33,
  0x33,0x38,0x30,0x30,0x30,0x3b,0x73,0x74,0x72,0x6f,0x6b,0x65,0x2d,0x77,0x69,0x64,
  0x74,0x68,0x3a,0x31,0x2e,0x30,0x38,0x35,0x33,0x31,0x3b,0x73,0x74,0x72,0x6f,0x6b,
  0x65,0x2d,0x64,0x61,0x73,0x68,0x61,0x72,0x72,0x61,0x79,0x3a,0x6e,0x6f,0x6e,0x65,
  0x3b,0x73,0x74,0x72,0x6f,0x6b,0x65,0x2d,0x6f,0x70,0x61,0x63,0x69,0x74,0x79,0x3a,
  0x31,0x22,0xa,0x20,0x20,0x20,0x20,0x20,0x20,0x20,0x64,0x3d,0x22,0x4d,0x20,0x36,
  0x2e,0x30,0x36,0x37,0x30,0x32,0x35,0x34,0x2c,0x31,0x32,0x2e,0x33,0x33,0x31,0x33,
  0x30,0x32,0x20,0x36,0x2e,0x31,0x30,0x34,0x33,0x32,0x31,0x2c,0x30,0x2e,0x33,0x32,
  0x38,0x39,0x36,0x38,0x39,0x36,0x22,0xa,0x20,0x20,0x20,0x20,0x20,0x20,0x20,0x69,
  0x64,0x3d,0x22,0x70,0x61,0x74,0x68,0x32,0x2d,0x38,0x2d,0x31,0x22,0x20,0x2f,0x3e,
  0xa,0x20,0x20,0x20,0x20,0x3c,0x70,0x61,0x74,0x68,0xa,0x20,0x20,0x20,0x20,0x20,
  0x20,0x20,0x73,0x74,0x79,0x6c,0x65,0x3d,0x22,0x66,0x69,0x6c,0x6c,0x3a,0x6e,0x6f,
  0x6e,0x65,0x3b,0x66,0x69,0x6c,0x6c,0x2d,0x6f,0x70,0x61,0x63,0x69,0x74,0x79,0x3a,
  0x31,0x3b,0x73,0x74,0x72,0x6f,0x6b,0x65,0x3a,0x23,0x62,0x64,0x30,0x30,0x31,0x32,
  0x3b,0x73,0x74,0x72,0x6f,0x6b,0x65,0x2d,0x77,0x69,0x64,0x74,0x68,0x3a,0x30,0x2e,
  0x37,0x34,0x32,0x37,0x35,0x35,0x3b,0x73,0x74,0x72,0x6f,0x6b,0x65,0x2d,0x64,0x61,
  0x73,0x68,0x61,0x72,0x72,0x61,0x79,0x3a,0x6e,0x6f,0x6e,0x65,0x3b,0x73,0x74,0x72,
  0x6f,0x6b,0x65,0x2d,0x6f,0x70,0x61,0x63,0x69,0x74,0x79,0x3a,0x31,0x22,0xa,0x20,
  0x20,0x20,0x20,0x20,0x20,0x20,0x64,0x3d,0x22,0x4d,0x20,0x38,0x2e,0x30,0x35,0x38,
  0x32,0x34,0x34,0x36,0x2c,0x38,0x2e,0x39,0x38,0x32,0x34,0x32,0x33,0x37,0x20,0x38,
  0x2e,0x30,0x39,0x36,0x32,0x31,0x30,0x38,0x2c,0x33,0x2e,0x34,0x36,0x30,0x32,0x34,
  0x33,0x33,0x22,0xa,0x20,0x20,0x20,0x20,0x20,0x20,0x20,0x69,0x64,0x3d,0x22,0x70,
  0x61,0x74,0x68,0x32,0x2d,0x38,0x2d,0x31,0x2d,0x37,0x22,0x20,0x2f,0x3e,0xa,0x20,
  0x20,0x20,0x20,0x3c,0x70,0x61,0x74,0x68,0xa,0x20,0x20,0x20,0x20,0x20,0x20,0x20,
  0x73,0x74,0x79,0x6c,0x65,0x3d,0x22,0x66,0x69,0x6c,0x6c,0x3a,0x6e,0x6f,0x6e,0x65,
  0x3b,0x66,0x69,0x6c,0x6c,0x2d,0x6f,0x70,0x61,0x63,0x69,0x74,0x79,0x3a,0x31,0x3b,
  0x73,0x74,0x72,0x6f,0x6b,0x65,0x3a,0x23,0x62,0x64,0x30,0x30,0x31,0x32,0x3b,0x73,
  0x74,0x72,0x6f,0x6b,0x65,0x2d,0x77,0x69,0x64,0x74,0x68,0x3a,0x30,0x2e,0x37,0x34,
  0x32,0x37,0x35,0x35,0x3b,0x73,0x74,0x72,0x6f,0x6b,0x65,0x2d,0x64,0x61,0x73,0x68,
  0x61,0x72,0x72,0x61,0x79,0x3a,0x6e,0x6f,0x6e,0x65,0x3b,0x73,0x74,0x72,0x6f,0x6b,
  0x65,0x2d,0x6f,0x70,0x61,0x63,0x69,0x74,0x79,0x3a,0x31,0x22,0xa,0x20,0x20,0x20,
  0x20,0x20,0x20,0x20,0x64,0x3d,0x22,0x4d,0x20,0x34,0x2e,0x31,0x39,0x35,0x31,0x36,
  0x32,0x35,0x2c,0x39,0x2e,0x30,0x31,0x34,0x39,0x32,0x39,0x39,0x20,0x34,0x2e,0x32,
  0x33,0x33,0x31,0x32,0x38,0x37,0x2c,0x33,0x2e,0x34,0x39,0x32,0x37,0x34,0x39,0x31,
  0x22,0xa,0x20,0x20,0x20,0x20,0x20,0x20,0x20,0x69,0x64,0x3d,0x22,0x70,0x61,0x74,
  0x68,0x32,0x2d,0x38,0x2d,0x31,0x2d,0x37,0x2d,0x32,0x22,0x20,0x2f,0x3e,0xa,0x20,
  0x20,0x3c,0x2f,0x67,0x3e,0xa,0x3c,0x2f,0x73,0x76,0x67,0x3e,0xa,
    // sketch_2_opt.svg
  0x0,0x0,0x4,0x84,
  0x3c,
  0x3f,0x78,0x6d,0x6c,0x20,0x76,0x65,0x72,0x73,0x69,0x6f,0x6e,0x3d,0x22,0x31,0x2e,
  0x30,0x22,0x20,0x65,0x6e,0x63,0x6f,0x64,0x69,0x6e,0x67,0x3d,0x22,0x55,0x54,0x46,
  0x2d,0x38,0x22,0x3f,0x3e,0xa,0x3c,0x21,0x2d,0x2d,0x20,0x43,0x72,0x65,0x61,0x74,
  0x65,0x64,0x20,0x77,0x69,0x74,0x68,0x20,0x49,0x6e,0x6b,0x73,0x63,0x61,0x70,0x65,
  0x20,0x28,0x68,0x74,0x74,0x70,0x3a,0x2f,0x2f,0x77,0x77,0x77,0x2e,0x69,0x6e,0x6b,
  0x73,0x63,0x61,0x70,0x65,0x2e,0x6f,0x72,0x67,0x2f,0x29,0x20,0x2d,0x2d,0x3e,0xa,
  0x3c,0x73,0x76,0x67,0x20,0x77,0x69,0x64,0x74,0x68,0x3d,0x22,0x34,0x38,0x22,0x20,
  0x68,0x65,0x69,0x67,0x68,0x74,0x3d,0x22,0x34,0x38,0x22,0x20,0x76,0x65,0x72,0x73,
  0x69,0x6f,0x6e,0x3d,0x22,0x31,0x2e,0x31,0x22,0x20,0x76,0x69,0x65,0x77,0x42,0x6f,
  0x78,0x3d,0x22,0x30,0x20,0x30,0x20,0x31,0x32,0x2e,0x37,0x20,0x31,0x32,0x2e,0x37,
  0x22,0x20,0x78,0x6d,0x6c,0x6e,0x73,0x3d,0x22,0x68,0x74,0x74,0x70,0x3a,0x2f,0x2f,
  0x77,0x77,0x77,0x2e,0x77,0x33,0x2e,0x6f,0x72,0x67,0x2f,0x32,0x30,0x30,0x30,0x2f,
  0x73,0x76,0x67,0x22,0x3e,0xa,0x20,0x3c,0x67,0x20,0x73,0x74,0x72,0x6f,0x6b,0x65,
  0x2d,0x6d,0x69,0x74,0x65,0x72,0x6c,0x69,0x6d,0x69,0x74,0x3d,0x22,0x33,0x2e,0x36,
  0x22,0x3e,0xa,0x20,0x20,0x3c,0x70,0x61,0x74,0x68,0x20,0x64,0x3d,0x22,0x6d,0x30,
  0x2e,0x34,0x35,0x32,0x39,0x31,0x20,0x36,0x2e,0x32,0x31,0x31,0x20,0x35,0x2e,0x39,
  0x37,0x32,0x36,0x2d,0x33,0x2e,0x35,0x37,0x35,0x31,0x20,0x35,0x2e,0x37,0x37,0x32,
  0x31,0x20,0x33,0x2e,0x35,0x30,0x31,0x35,0x2d,0x35,0x2e,0x35,0x30,0x33,0x32,0x20,
  0x33,0x2e,0x38,0x36,0x36,0x36,0x7a,0x22,0x20,0x66,0x69,0x6c,0x6c,0x3d,0x22,0x6e,
  0x6f,0x6e,0x65,0x22,0x20,0x73,0x74,0x72,0x6f,0x6b,0x65,0x3d,0x22,0x23,0x39,0x62,
  0x39,0x62,0x66,0x66,0x22,0x20,0x73,0x74,0x72,0x6f,0x6b,0x65,0x2d,0x77,0x69,0x64,
  0x74,0x68,0x3d,0x22,0x2e,0x34,0x31,0x36,0x34,0x36,0x22,0x2f,0x3e,0xa,0x20,0x20,
  0x3c,0x67,0x20,0x66,0x69,0x6c,0x6c,0x3d,0x22,0x23,0x39,0x64,0x39,0x64,0x66,0x66,
  0x22,0x20,0x66,0x69,0x6c,0x6c,0x2d,0x6f,0x70,0x61,0x63,0x69,0x74,0x79,0x3d,0x22,
  0x2e,0x33,0x39,0x33,0x37,0x38,0x22,0x20,0x73,0x74,0x72,0x6f,0x6b,0x65,0x3d,0x22,
  0x23,0x39,0x62,0x39,0x62,0x66,0x66,0x22,0x3e,0xa,0x20,0x20,0x20,0x3c,0x70,0x61,
  0x74,0x68,0x20,0x64,0x3d,0x22,0x6d,0x32,0x2e,0x33,0x39,0x38,0x32,0x20,0x35,0x2e,
  0x30,0x32,0x34,0x31,0x20,0x36,0x2e,0x31,0x34,0x39,0x35,0x20,0x33,0x2e,0x38,0x32,
  0x36,0x34,0x22,0x20,0x73,0x74,0x72,0x6f,0x6b,0x65,0x2d,0x77,0x69,0x64,0x74,0x68,
  0x3d,0x22,0x2e,0x34,0x32,0x31,0x22,0x2f,0x3e,0xa,0x20,0x20,0x20,0x3c,0x70,0x61,
  0x74,0x68,0x20,0x64,0x3d,0x22,0x6d,0x34,0x2e,0x34,0x38,0x38,0x39,0x20,0x33,0x2e,
  0x38,0x30,0x31,0x39,0x20,0x35,0x2e,0x38,0x38,0x35,0x31,0x20,0x33,0x2e,0x36,0x38,
  0x31,0x32,0x22,0x20,0x73,0x74,0x72,0x6f,0x6b,0x65,0x2d,0x77,0x69,0x64,0x74,0x68,
  0x3d,0x22,0x2e,0x34,0x30,0x33,0x39,0x36,0x22,0x2f,0x3e,0xa,0x20,0x20,0x20,0x3c,
  0x70,0x61,0x74,0x68,0x20,0x64,0x3d,0x22,0x6d,0x32,0x2e,0x33,0x36,0x38,0x37,0x20,
  0x37,0x2e,0x34,0x39,0x33,0x33,0x20,0x36,0x2e,0x30,0x31,0x32,0x39,0x2d,0x33,0x2e,
  0x37,0x38,0x30,0x38,0x22,0x20,0x73,0x74,0x72,0x6f,0x6b,0x65,0x2d,0x77,0x69,0x64,
  0x74,0x68,0x3d,0x22,0x2e,0x34,0x32,0x31,0x22,0x2f,0x3e,0xa,0x20,0x20,0x20,0x3c,
  0x70,0x61,0x74,0x68,0x20,0x64,0x3d,0x22,0x6d,0x34,0x2e,0x34,0x35,0x31,0x32,0x20,
  0x38,0x2e,0x37,0x34,0x33,0x33,0x20,0x36,0x2e,0x30,0x31,0x32,0x39,0x2d,0x33,0x2e,
  0x37,0x38,0x30,0x38,0x22,0x20,0x73,0x74,0x72,0x6f,0x6b,0x65,0x2d,0x77,0x69,0x64,
  0x74,0x68,0x3d,0x22,0x2e,0x34,0x32,0x31,0x22,0x2f,0x3e,0xa,0x20,0x20,0x3c,0x2f,
  0x67,0x3e,0xa,0x20,0x20,0x3c,0x70,0x61,0x74,0x68,0x20,0x74,0x72,0x61,0x6e,0x73,
  0x66,0x6f,0x72,0x6d,0x3d,0x22,0x74,0x72,0x61,0x6e,0x73,0x6c,0x61,0x74,0x65,0x28,
  0x2e,0x31,0x33,0x36,0x36,0x36,0x20,0x31,0x2e,0x39,0x33,0x36,0x29,0x22,0x20,0x64,
  0x3d,0x22,0x6d,0x31,0x2e,0x31,0x36,0x31,0x36,0x20,0x38,0x2e,0x37,0x36,0x38,0x38,
  0x63,0x30,0x2e,0x34,0x33,0x36,0x35,0x38,0x2d,0x30,0x2e,0x38,0x37,0x33,0x34,0x32,
  0x20,0x30,0x2e,0x38,0x32,0x34,0x35,0x38,0x2d,0x31,0x2e,0x37,0x37,0x31,0x31,0x20,
  0x31,0x2e,0x31,0x36,0x31,0x36,0x2d,0x32,0x2e,0x36,0x38,0x37,0x36,0x20,0x30,0x2e,
  0x31,0x36,0x36,0x38,0x39,0x2d,0x30,0x2e,0x34,0x35,0x33,0x38,0x34,0x20,0x30,0x2e,
  0x33,0x32,0x32,0x34,0x39,0x2d,0x30,0x2e,0x39,0x31,0x34,0x39,0x36,0x20,0x30,0x2e,
  0x35,0x35,0x38,0x33,0x39,0x2d,0x31,0x2e,0x33,0x33,0x37,0x31,0x20,0x30,0x2e,0x32,
  0x33,0x35,0x39,0x31,0x2d,0x30,0x2e,0x34,0x32,0x32,0x31,0x20,0x30,0x2e,0x35,0x36,
  0x31,0x33,0x32,0x2d,0x30,0x2e,0x38,0x30,0x38,0x36,0x37,0x20,0x30,0x2e,0x39,0x39,
  0x30,0x33,0x38,0x2d,0x31,0x2e,0x30,0x33,0x31,0x37,0x20,0x30,0x2e,0x33,0x34,0x35,
  0x33,0x34,0x2d,0x30,0x2e,0x31,0x37,0x39,0x34,0x37,0x20,0x30,0x2e,0x37,0x34,0x32,
  0x31,0x34,0x2d,0x30,0x2e,0x32,0x34,0x34,0x34,0x20,0x31,0x2e,0x31,0x33,0x31,0x32,
  0x2d,0x30,0x2e,0x32,0x33,0x33,0x36,0x37,0x20,0x30,0x2e,0x33,0x38,0x39,0x30,0x35,
  0x20,0x30,0x2e,0x30,0x31,0x30,0x37,0x32,0x32,0x20,0x30,0x2e,0x37,0x37,0x32,0x36,
  0x32,0x20,0x30,0x2e,0x30,0x39,0x34,0x31,0x35,0x20,0x31,0x2e,0x31,0x34,0x37,0x38,
  0x20,0x30,0x2e,0x31,0x39,0x37,0x38,0x33,0x20,0x30,0x2e,0x37,0x35,0x30,0x32,0x36,
  0x20,0x30,0x2e,0x32,0x30,0x37,0x33,0x36,0x20,0x31,0x2e,0x34,0x39,0x38,0x35,0x20,
  0x30,0x2e,0x35,0x30,0x30,0x30,0x33,0x20,0x32,0x2e,0x32,0x37,0x36,0x33,0x20,0x30,
  0x2e,0x34,0x36,0x38,0x35,0x39,0x20,0x30,0x2e,0x36,0x34,0x34,0x31,0x31,0x2d,0x30,
  0x2e,0x30,0x32,0x36,0x30,0x33,0x33,0x20,0x31,0x2e,0x32,0x37,0x36,0x34,0x2d,0x30,
  0x2e,0x32,0x38,0x34,0x34,0x37,0x20,0x31,0x2e,0x37,0x35,0x34,0x33,0x2d,0x30,0x2e,
  0x37,0x31,0x37,0x30,0x37,0x73,0x30,0x2e,0x37,0x39,0x37,0x38,0x37,0x2d,0x31,0x2e,
  0x30,0x33,0x36,0x31,0x20,0x30,0x2e,0x38,0x38,0x37,0x37,0x33,0x2d,0x31,0x2e,0x36,
  0x37,0x34,0x34,0x22,0x20,0x66,0x69,0x6c,0x6c,0x3d,0x22,0x6e,0x6f,0x6e,0x65,0x22,
  0x20,0x73,0x74,0x72,0x6f,0x6b,0x65,0x3d,0x22,0x23,0x30,0x30,0x62,0x63,0x33,0x36,
  0x22,0x20,0x73,0x74,0x72,0x6f,0x6b,0x65,0x2d,0x77,0x69,0x64,0x74,0x68,0x3d,0x22,
  0x2e,0x36,0x22,0x2f,0x3e,0xa,0x20,0x3c,0x2f,0x67,0x3e,0xa,0x3c,0x2f,0x73,0x76,
  0x67,0x3e,0xa,
    // sketch_line.svg
  0x0,0x0,0x5,0x57,
  0x28,
  0xb5,0x2f,0xfd,0x60,0x1b,0x13,0x6d,0x2a,0x0,0xd6,0xbd,0xb2,0x26,0x0,0x6b,0x68,
  0x1e,0xa4,0x6a,0x29,0x54,0x7e,0x7,0x1a,0x1,0x22,0xa0,0xd5,0x8d,0x81,0xb3,0xfd,
  0xbf,0xbf,0xed,0x18,0x84,0x2a,0x3a,0xe4,0x4e,0x44,0x69,0x7,0xa9,0x87,0xff,0xff,
  0xb7,0x3e,0x84,0xb3,0x0,0xaa,0x0,0xa6,0x0,0x58,0xb1,0xc,0x75,0xa4,0xaf,0xb,
  0xc,0xa,0x77,0x67,0x2d,0x52,0x77,0x5d,0xae,0xc,0x34,0x30,0xa0,0xd8,0xf6,0x59,
  0x76,0xb1,0x4a,0x7e,0x60,0xbd,0x14,0xda,0x2a,0xd4,0xa1,0x17,0xfa,0x59,0xf6,0xb9,
  0xe,0x84,0x46,0xd9,0x96,0x61,0x1b,0xf4,0x51,0x70,0x5d,0x38,0xb4,0x42,0x7b,0xf5,
  0x5c,0x3d,0xe6,0xc,0x25,0xdc,0x12,0x59,0x73,0x4b,0x0,0xc4,0x96,0x5b,0xa4,0xa4,
  0xde,0x8f,0x8b,0x3d,0x72,0xe4,0x29,0x71,0xc0,0x4,0x22,0xf6,0x42,0x76,0xc3,0x5c,
  0xdb,0x24,0xe9,0x52,0xd2,0xec,0x8a,0x10,0x82,0x81,0xe8,0x5,0x4,0x82,0x41,0x29,
  0xa4,0xa0,0x60,0x32,0x5e,0x77,0x45,0x22,0x11,0x85,0x62,0xe1,0xd8,0xbb,0x9,0x80,
  0xac,0x83,0x2a,0x9a,0xf1,0x28,0x40,0xcd,0xbe,0x11,0x54,0xed,0xa6,0x36,0x17,0x40,
  0x4a,0x1,0x58,0x40,0x30,0xc,0x48,0xf8,0x49,0x89,0x7d,0xb0,0x43,0xeb,0x43,0xb7,
  0x46,0x49,0xaa,0x3,0xd,0x1c,0xa4,0x84,0x79,0x6e,0xc5,0xca,0x63,0x51,0xf2,0xf5,
  0x29,0x79,0xf0,0xd5,0xd9,0x42,0x90,0xd3,0x70,0x18,0xb0,0x10,0xb,0xf5,0xb0,0x1d,
  0x78,0x4b,0xd6,0x28,0x9b,0x46,0x74,0xa5,0x19,0x41,0xa6,0xcf,0xac,0xc3,0xb1,0x4e,
  0xc3,0xd5,0x17,0x2,0x41,0x37,0x9c,0xaf,0x43,0xa7,0x64,0x2b,0x76,0x59,0xac,0x6a,
  0xb6,0x5e,0x6c,0x55,0x28,0x50,0xb2,0xda,0xa1,0xb,0x43,0xc1,0xe,0x54,0x9,0xa7,
  0x37,0xe3,0x24,0x1b,0x64,0xbf,0x3e,0xb2,0x84,0x84,0xcd,0x7d,0x4d,0xb6,0xaf,0xc6,
  0x9f,0x92,0x6c,0x1f,0xa8,0x93,0xf3,0xa3,0xda,0x8,0xb7,0x71,0x1d,0x68,0x43,0x2a,
  0xf6,0x33,0xbe,0xbf,0xb3,0xf9,0x2a,0x82,0xeb,0x73,0x23,0xf3,0xb5,0x28,0x5b,0x8c,
  0x2e,0x1d,0x94,0xc6,0x22,0x7c,0xb8,0xfe,0x53,0xd2,0xc0,0x38,0x82,0x7d,0xe4,0x6d,
  0xeb,0x7d,0x30,0x8d,0x46,0x4a,0xf4,0xbe,0xcf,0x43,0xed,0xc7,0x36,0x1e,0xa,0xfe,
  0xca,0xd0,0xb6,0x66,0x8a,0x1b,0xb2,0x65,0x28,0xb6,0x51,0x9c,0xa5,0x24,0x82,0x2b,
  0x6d,0x74,0x4,0x37,0xfa,0xb1,0xe5,0x29,0x79,0xd8,0x17,0x7b,0xb6,0x35,0xe3,0x86,
  0x25,0x21,0x25,0x19,0x3b,0x1,0x90,0xb9,0xe9,0x7c,0xfd,0x2b,0x18,0x9d,0x73,0x3f,
  0xe3,0x8a,0x50,0x45,0x77,0xff,0xd1,0x3d,0xe8,0x5a,0x7b,0xcb,0x4d,0x6f,0x10,0x3e,
  0x40,0x12,0xba,0xe9,0xcb,0x13,0xf,0xa5,0x7b,0x91,0xad,0x47,0xc,0x1e,0x3e,0x67,
  0x73,0xf9,0x3,0xcd,0x99,0x36,0x9a,0x56,0xb8,0xda,0xe2,0x3a,0xd9,0xee,0xdb,0x60,
  0xcb,0x17,0xae,0xbe,0xa8,0xc0,0x84,0x85,0x65,0xe0,0x6c,0x1f,0xfc,0x2c,0x1c,0xe7,
  0x2e,0xa,0x50,0xc6,0xc9,0xe2,0x4b,0xc0,0xd9,0x1e,0x6b,0xae,0x2,0xd8,0x4d,0x9d,
  0x94,0x34,0x32,0x5e,0xf4,0x43,0xf3,0x66,0xaa,0xad,0xb8,0xe1,0x78,0xe0,0xcc,0xa0,
  0x5,0x29,0x71,0x6c,0x3,0x45,0x30,0xbf,0x9e,0x7c,0xf5,0xfc,0x32,0x37,0x63,0x35,
  0xdf,0x9b,0x31,0xae,0xf7,0xd3,0x49,0x17,0xc1,0xe5,0x5c,0x73,0xce,0xe6,0xda,0xb3,
  0x47,0xb,0x4,0xe3,0xfb,0xf7,0xe5,0x98,0x3,0x4,0x7,0xa4,0xb6,0x87,0xd,0xb9,
  0xe,0x85,0x64,0xdb,0xea,0x65,0xc1,0x49,0xc0,0x2f,0x4,0x4,0x8,0x6,0x6,0xa2,
  0x15,0xb,0xee,0xe4,0x8b,0x72,0xc9,0xa7,0xda,0xf3,0xd6,0x7e,0xae,0x19,0xe1,0x8c,
  0x13,0xfa,0x64,0xd2,0x25,0x7c,0xd7,0x16,0x7b,0x33,0xbe,0xc8,0x5c,0x59,0x12,0xb2,
  0xc2,0xc3,0xc7,0x9e,0xcb,0x36,0xdd,0xc9,0xe5,0xe,0xd9,0x5c,0x31,0xf1,0xb1,0x35,
  0x9f,0xe8,0x1d,0x4e,0xd6,0xd6,0x4b,0xbc,0xff,0x28,0xbf,0xad,0x88,0xa,0x28,0x87,
  0x36,0xe8,0x1e,0x63,0x6f,0xf9,0x27,0xbe,0xc1,0xf9,0xd0,0xad,0x86,0xa6,0x64,0xdf,
  0x5a,0x5c,0x2c,0xf1,0x9e,0xf4,0xe8,0xd8,0x9a,0xef,0x90,0xca,0x6f,0x92,0x31,0x19,
  0xdb,0x6c,0xcc,0xc7,0xe9,0x60,0x73,0x73,0xbe,0xb6,0x9e,0x35,0x36,0xdd,0x8c,0xf2,
  0xc5,0xb8,0xe4,0x2b,0xd9,0xda,0x83,0xf2,0xe5,0xcf,0x5f,0x50,0xaa,0xf8,0xd3,0x3d,
  0xc2,0x17,0xa3,0xb7,0x7f,0xe9,0x64,0x2,0x34,0xdf,0x84,0xed,0x13,0xe,0x4a,0xf9,
  0x90,0x31,0x35,0x95,0x9b,0x1,0x81,0x17,0xa8,0x51,0x29,0x33,0x8,0x11,0x11,0x5,
  0x49,0x41,0x92,0xc2,0xb0,0x6,0x51,0xc,0x83,0x20,0x74,0xdc,0x25,0xf,0x52,0xa1,
  0x34,0x84,0x72,0x30,0xe7,0x88,0x31,0xc4,0x30,0x23,0x24,0x32,0x22,0x4a,0xca,0x8f,
  0x24,0x5,0x1d,0x98,0x3,0x34,0xf,0xf7,0x2b,0x3d,0xa8,0xa9,0xe7,0x74,0xee,0xb1,
  0xab,0x25,0xdf,0x6d,0x6a,0x3a,0xb0,0x24,0x79,0xbc,0xe2,0x12,0x1c,0xd4,0x14,0xc7,
  0xc4,0xbb,0x61,0xc5,0x39,0xfe,0x67,0x10,0xce,0x24,0xb7,0xc3,0xe8,0xd9,0x37,0x56,
  0xa8,0x9c,0xc4,0x4,0xdf,0xd7,0x2b,0xa0,0xe9,0xeb,0xa2,0xff,0x28,0xc2,0x2d,0x27,
  0x59,0x81,0x86,0x25,0x8f,0x92,0x5a,0xac,0x25,0x12,0x12,0x5b,0x5,0x88,0x45,0x13,
  0xc,0x45,0x58,0x1e,0x5e,0xfa,0xf2,0xb8,0xc4,0x1a,0x3c,0xff,0x41,0x69,0xd5,0xa1,
  0x75,0x32,0x6e,0xb0,0xde,0x6f,0x25,0x4c,0xcc,0xba,0x63,0xff,0x15,0x68,0xac,0x1a,
  0xcf,0xf7,0x53,0xe1,0x16,0x90,0xb1,0xcd,0x32,0x2b,0xe2,0x4e,0x2c,0xbf,0x56,0xc5,
  0x68,0xf7,0x83,0xaa,0xdc,0x54,0xd5,0xa1,0xc5,0xc8,0x6,0x99,0x9,0xeb,0xad,0x5,
  0x86,0xd5,0x3,0xa6,0xab,0x50,0xb5,0x47,0xfc,0x9f,0x61,0x98,0xaa,0x7c,0x70,0x10,
  0xfc,0xf2,0xb6,0x9f,0x1e,0x6b,0xd3,0xed,0x20,0x59,0x64,0xf2,0xfe,0xe,0xcb,0x9c,
  0x56,0x3a,0xd0,0xa0,0x19,0xbc,0xcd,0x55,0xba,0x55,0xb9,0x44,0x1c,0x86,0x5a,0x5,
  0x8,0xba,0xef,0x46,0x24,0x77,0xf8,0xe3,0x75,0x72,0xe1,0x7e,0x83,0x41,0x5b,0x23,
  0x8d,0x54,0xcf,0xd0,0x93,0x4,0xb,0xbd,0xd0,0x32,0x90,0xf9,0xc3,0x42,0xfb,0x90,
  0x90,0xe5,0x7a,0x45,0x96,0xc9,0x64,0xdf,0xff,0x56,0xff,0xd2,0x58,0xb2,0x33,0xf,
  0x7,0xd0,0x39,0x2a,0x3c,0x1d,0x6,0x43,0x44,0x42,0x47,0x82,0x64,0x11,0xcc,0xd7,
  0xcd,0x7d,0xee,0xfa,0x68,0x3a,0xb6,0xc7,0xfe,0x93,0x2e,0xeb,0x72,0x88,0x9a,0x53,
  0x45,0x4f,0x27,0x21,0x91,0xcb,0x1,0x7a,0x1,0xc,0xc7,0x8b,0x59,0x7d,0xdc,0x44,
  0xc,0x4e,0x10,0x8a,0x94,0x2a,0xb5,0x15,0xfc,0xb,0xfa,0x9b,0x81,0xb5,0xb6,0xe4,
  0x18,0x88,0xa2,0xcb,0x4d,0xe3,0xc1,0x95,0xd3,0x47,0xa6,0xb0,0x54,0xc6,0xad,0x11,
  0x90,0xc1,0x54,0xfd,0xbc,0x5e,0x41,0xc1,0x3f,0xb9,0x76,0x39,0x64,0x61,0xb0,0x2c,
  0x8,0x95,0xf1,0x5b,0xd4,0x1a,0xe5,0x82,0xe6,0x7e,0x1f,0xd5,0x12,0x41,0x4f,0x3d,
  0x2e,0x8a,0xa9,0x5f,0x94,0x5b,0x24,0x8a,0x3,0x9d,0x8b,0x70,0xf2,0xb5,0xd7,0xad,
  0xd6,0x14,0xb2,0x7c,0x2,0x12,0x3c,0x8b,0x81,0x89,0x93,0x39,0xbd,0x60,0x16,0xec,
  0x9c,0x8b,0xb2,0x97,0x23,0x48,0xf6,0x2e,0xf3,0xa,0x82,0x39,0x2f,0xcb,0x5d,0xb3,
  0x8a,0x48,0x7a,0xb0,0x48,0x8a,0x91,0x13,0x6b,0xf5,0x8a,0xcd,0x90,0xdf,0x6e,0xc3,
  0xa9,0x2c,0x71,0xf6,0x1d,0xb9,0xb8,0xff,0x81,0xe,0xe9,0x45,0x34,0x2e,0xf3,0x94,
  0xb3,0xd8,0xcc,0x14,0x8a,0x58,0x84,0xe4,0xcf,0x27,0xcc,0x1f,0xc1,0x85,0x40,0x43,
  0x26,0x23,0x50,0x36,0xa9,0xd8,0x4,0xcb,0xd4,0x77,0xa2,0x21,0x48,0xbd,0x32,0xc0,
  0xa8,0x43,0x11,0x17,0xc1,0x6c,0x78,0xbb,0xb8,0x8a,0x4c,0xe0,0x3b,0x16,0x9,0xad,
  0x89,0xa2,0xd1,0xe8,0x84,0x8f,0x51,0x3,0xaa,0xf8,0x4,0xd,0x8c,0xd4,0xdc,0x23,
  0x72,0x85,0xc3,0x56,0x63,0xb1,0xa6,0x75,0xe7,0x68,0x87,0x89,0x89,0x32,0x64,0x11,
  0xcb,0xad,0x34,0x16,0x35,0x5f,0xe9,0xad,0x79,0xa2,0xf,0x78,0x70,0x98,0x6e,0x50,
  0x11,0x66,0x30,0x3,0xee,0x8e,0x7,0x42,0x8f,0x12,0x13,0x0,0x84,0xf1,0x9c,0xd6,
  0xca,0x7a,0x6d,0x1e,0x8,0x6d,0x99,0xa,0x45,0xd1,0x17,0x8e,0xdf,0x86,0xb6,0x94,
  0xcd,0x32,0x2c,0x17,0xa,0xf4,0xb1,0x55,0x6f,0x9b,0x57,0xc5,0x5d,0xa1,0xac,0x1f,
  0xc3,0x8c,0x8b,0x44,0x44,0xf1,0xc2,0xf6,0xf7,0x35,0x46,0x5e,0x5a,0x8f,0x6a,0xce,
  0x9f,0xf4,0xc3,0x63,0x51,0x5,
    // sketch_constraint_parallel.svg
  0x0,0x0,0xa,0x5e,
  0x3c,
  0x3f,0x78,0x6d,0x6c,0x20,0x76,0x65,0x72,0x73,0x69,0x6f,0x6e,0x3d,0x22,0x31,0x2e,
  0x30,0x22,0x20,0x65,0x6e,0x63,0x6f,0x64,0x69,0x6e,0x67,0x3d,0x22,0x55,0x54,0x46,
  0x2d,0x38,0x22,0x20,0x73,0x74,0x61,0x6e,0x64,0x61,0x6c,0x6f,0x6e,0x65,0x3d,0x22,
  0x6e,0x6f,0x22,0x3f,0x3e,0xa,0x3c,0x21,0x2d,0x2d,0x20,0x43,0x72,0x65,0x61,0x74,
  0x65,0x64,0x20,0x77,0x69,0x74,0x68,0x20,0x49,0x6e,0x6b,0x73,0x63,0x61,0x70,0x65,
  0x20,0x28,0x68,0x74,0x74,0x70,0x3a,0x2f,0x2f,0x77,0x77,0x77,0x2e,0x69,0x6e,0x6b,
  0x73,0x63,0x61,0x70,0x65,0x2e,0x6f,0x72,0x67,0x2f,0x29,0x20,0x2d,0x2d,0x3e,0xa,
  0xa,0x3c,0x73,0x76,0x67,0xa,0x20,0x20,0x20,0x77,0x69,0x64,0x74,0x68,0x3d,0x22,
  0x34,0x38,0x22,0xa,0x20,0x20,0x20,0x68,0x65,0x69,0x67,0x68,0x74,0x3d,0x22,0x34,
  0x38,0x22,0xa,0x20,0x20,0x20,0x76,0x69,0x65,0x77,0x42,0x6f,0x78,0x3d,0x22,0x30,
  0x20,0x30,0x20,0x31,0x32,0x2e,0x37,0x20,0x31,0x32,0x2e,0x37,0x22,0xa,0x20,0x20,
  0x20,0x76,0x65,0x72,0x73,0x69,0x6f,0x6e,0x3d,0x22,0x31,0x2e,0x31,0x22,0xa,0x20,
  0x20,0x20,0x69,0x64,0x3d,0x22,0x73,0x76,0x67,0x31,0x22,0xa,0x20,0x20,0x20,0x69,
  0x6e,0x6b,0x73,0x63,0x61,0x70,0x65,0x3a,0x76,0x65,0x72,0x73,0x69,0x6f,0x6e,0x3d,
  0x22,0x31,0x2e,0x34,0x2e,0x32,0x20,0x28,0x66,0x34,0x33,0x32,0x37,0x66,0x34,0x2c,
  0x20,0x32,0x30,0x32,0x35,0x2d,0x30,0x35,0x2d,0x31,0x33,0x29,0x22,0xa,0x20,0x20,
  0x20,0x73,0x6f,0x64,0x69,0x70,0x6f,0x64,0x69,0x3a,0x64,0x6f,0x63,0x6e,0x61,0x6d,
  0x65,0x3d,0x22,0x73,0x6b,0x65,0x74,0x63,0x68,0x5f,0x63,0x6f,0x6e,0x73,0x74,0x72,
  0x61,0x69,0x6e,0x74,0x5f,0x70,0x61,0x72,0x61,0x6c,0x6c,0x65,0x6c,0x2e,0x73,0x76,
  0x67,0x22,0xa,0x20,0x20,0x20,0x78,0x6d,0x6c,0x6e,0x73,0x3a,0x69,0x6e,0x6b,0x73,
  0x63,0x61,0x70,0x65,0x3d,0x22,0x68,0x74,0x74,0x70,0x3a,0x2f,0x2f,0x77,0x77,0x77,
  0x2e,0x69,0x6e,0x6b,0x73,0x63,0x61,0x70,0x65,0x2e,0x6f,0x72,0x67,0x2f,0x6e,0x61,
  0x6d,0x65,0x73,0x70,0x61,0x63,0x65,0x73,0x2f,0x69,0x6e,0x6b,0x73,0x63,0x61,0x70,
  0x65,0x22,0xa,0x20,0x20,0x20,0x78,0x6d,0x6c,0x6e,0x73,0x3a,0x73,0x6f,0x64,0x69,
  0x70,0x6f,0x64,0x69,0x3d,0x22,0x68,0x74,0x74,0x70,0x3a,0x2f,0x2f,0x73,0x6f,0x64,
  0x69,0x70,0x6f,0x64,0x69,0x2e,0x73,0x6f,0x75,0x72,0x63,0x65,0x66,0x6f,0x72,0x67,
  0x65,0x2e,0x6e,0x65,0x74,0x2f,0x44,0x54,0x44,0x2f,0x73,0x6f,0x64,0x69,0x70,0x6f,
  0x64,0x69,0x2d,0x30,0x2e,0x64,0x74,0x64,0x22,0xa,0x20,0x20,0x20,0x78,0x6d,0x6c,
  0x6e,0x73,0x3d,0x22,0x68,0x74,0x74,0x70,0x3a,0x2f,0x2f,0x77,0x77,0x77,0x2e,0x77,
  0x33,0x2e,0x6f,0x72,0x67,0x2f,0x32,0x30,0x30,0x30,0x2f,0x73,0x76,0x67,0x22,0xa,
  0x20,0x20,0x20,0x78,0x6d,0x6c,0x6e,0x73,0x3a,0x73,0x76,0x67,0x3d,0x22,0x68,0x74,
  0x74,0x70,0x3a,0x2f,0x2f,0x77,0x77,0x77,0x2e,0x77,0x33,0x2e,0x6f,0x72,0x67,0x2f,
  0x32,0x30,0x30,0x30,0x2f,0x73,0x76,0x67,0x22,0x3e,0xa,0x20,0x20,0x3c,0x73,0x6f,
  0x64,0x69,0x70,0x6f,0x64,0x69,0x3a,0x6e,0x61,0x6d,0x65,0x64,0x76,0x69,0x65,0x77,
  0xa,0x20,0x20,0x20,0x20,0x20,0x69,0x64,0x3d,0x22,0x6e,0x61,0x6d,0x65,0x64,0x76,
  0x69,0x65,0x77,0x31,0x22,0xa,0x20,0x20,0x20,0x20,0x20,0x70,0x61,0x67,0x65,0x63,
  0x6f,0x6c,0x6f,0x72,0x3d,0x22,0x23,0x66,0x66,0x66,0x66,0x66,0x66,0x22,0xa,0x20,
  0x20,0x20,0x20,0x20,0x62,0x6f,0x72,0x64,0x65,0x72,0x63,0x6f,0x6c,0x6f,0x72,0x3d,
  0x22,0x23,0x30,0x30,0x30,0x30,0x30,0x30,0x22,0xa,0x20,0x20,0x20,0x20,0x20,0x62,
  0x6f,0x72,0x64,0x65,0x72,0x6f,0x70,0x61,0x63,0x69,0x74,0x79,0x3d,0x22,0x30,0x2e,
  0x32,0x35,0x22,0xa,0x20,0x20,0x20,0x20,0x20,0x69,0x6e,0x6b,0x73,0x63,0x61,0x70,
  0x65,0x3a,0x73,0x68,0x6f,0x77,0x70,0x61,0x67,0x65,0x73,0x68,0x61,0x64,0x6f,0x77,
  0x3d,0x22,0x32,0x22,0xa,0x20,0x20,0x20,0x20,0x20,0x69,0x6e,0x6b,0x73,0x63,0x61,
  0x70,0x65,0x3a,0x70,0x61,0x67,0x65,0x6f,0x70,0x61,0x63,0x69,0x74,0x79,0x3d,0x22,
  0x30,0x2e,0x30,0x22,0xa,0x20,0x20,0x20,0x20,0x20,0x69,0x6e,0x6b,0x73,0x63,0x61,
  0x70,0x65,0x3a,0x70,0x61,0x67,0x65,0x63,0x68,0x65,0x63,0x6b,0x65,0x72,0x62,0x6f,
  0x61,0x72,0x64,0x3d,0x22,0x30,0x22,0xa,0x20,0x20,0x20,0x20,0x20,0x69,0x6e,0x6b,
  0x73,0x63,0x61,0x70,0x65,0x3a,0x64,0x65,0x73,0x6b,0x63,0x6f,0x6c,0x6f,0x72,0x3d,
  0x22,0x23,0x64,0x31,0x64,0x31,0x64,0x31,0x22,0xa,0x20,0x20,0x20,0x20,0x20,0x69,
  0x6e,0x6b,0x73,0x63,0x61,0x70,0x65,0x3a,0x64,0x6f,0x63,0x75,0x6d,0x65,0x6e,0x74,
  0x2d,0x75,0x6e,0x69,0x74,0x73,0x3d,0x22,0x6d,0x6d,0x22,0xa,0x20,0x20,0x20,0x20,
  0x20,0x73,0x68,0x6f,0x77,0x67,0x75,0x69,0x64,0x65,0x73,0x3d,0x22,0x74,0x72,0x75,
  0x65,0x22,0xa,0x20,0x20,0x20,0x20,0x20,0x69,0x6e,0x6b,0x73,0x63,0x61,0x70,0x65,
  0x3a,0x7a,0x6f,0x6f,0x6d,0x3d,0x22,0x31,0x31,0x2e,0x36,0x31,0x36,0x37,0x32,0x33,
  0x22,0xa,0x20,0x20,0x20,0x20,0x20,0x69,0x6e,0x6b,0x73,0x63,0x61,0x70,0x65,0x3a,
  0x63,0x78,0x3d,0x22,0x33,0x34,0x2e,0x37,0x37,0x37,0x34,0x35,0x22,0xa,0x20,0x20,
  0x20,0x20,0x20,0x69,0x6e,0x6b,0x73,0x63,0x61,0x70,0x65,0x3a,0x63,0x79,0x3d,0x22,
  0x34,0x30,0x2e,0x35,0x38,0x38,0x30,0x33,0x38,0x22,0xa,0x20,0x20,0x20,0x20,0x20,
  0x69,0x6e,0x6b,0x73,0x63,0x61,0x70,0x65,0x3a,0x77,0x69,0x6e,0x64,0x6f,0x77,0x2d,
  0x77,0x69,0x64,0x74,0x68,0x3d,0x22,0x31,0x37,0x30,0x36,0x22,0xa,0x20,0x20,0x20,
  0x20,0x20,0x69,0x6e,0x6b,0x73,0x63,0x61,0x70,0x65,0x3a,0x77,0x69,0x6e,0x64,0x6f,
  0x77,0x2d,0x68,0x65,0x69,0x67,0x68,0x74,0x3d,0x22,0x31,0x30,0x34,0x31,0x22,0xa,
  0x20,0x20,0x20,0x20,0x20,0x69,0x6e,0x6b,0x73,0x63,0x61,0x70,0x65,0x3a,0x77,0x69,
  0x6e,0x64,0x6f,0x77,0x2d,0x78,0x3d,0x22,0x31,0x39,0x38,0x22,0xa,0x20,0x20,0x20,
  0x20,0x20,0x69,0x6e,0x6b,0x73,0x63,0x61,0x70,0x65,0x3a,0x77,0x69,0x6e,0x64,0x6f,
  0x77,0x2d,0x79,0x3d,0x22,0x30,0x22,0xa,0x20,0x20,0x20,0x20,0x20,0x69,0x6e,0x6b,
  0x73,0x63,0x61,0x70,0x65,0x3a,0x77,0x69,0x6e,0x64,0x6f,0x77,0x2d,0x6d,0x61,0x78,
  0x69,0x6d,0x69,0x7a,0x65,0x64,0x3d,0x22,0x30,0x22,0xa,0x20,0x20,0x20,0x20,0x20,
  0x69,0x6e,0x6b,0x73,0x63,0x61,0x70,0x65,0x3a,0x63,0x75,0x72,0x72,0x65,0x6e,0x74,
  0x2d,0x6c,0x61,0x79,0x65,0x72,0x3d,0x22,0x6c,0x61,0x79,0x65,0x72,0x31,0x22,0x3e,
  0xa,0x20,0x20,0x20,0x20,0x3c,0x73,0x6f,0x64,0x69,0x70,0x6f,0x64,0x69,0x3a,0x67,
  0x75,0x69,0x64,0x65,0xa,0x20,0x20,0x20,0x20,0x20,0x20,0x20,0x70,0x6f,0x73,0x69,
  0x74,0x69,0x6f,0x6e,0x3d,0x22,0x31,0x32,0x39,0x2e,0x30,0x30,0x33,0x36,0x38,0x2c,
  0x32,0x37,0x31,0x2e,0x31,0x32,0x36,0x33,0x38,0x22,0xa,0x20,0x20,0x20,0x20,0x20,
  0x20,0x20,0x6f,0x72,0x69,0x65,0x6e,0x74,0x61,0x74,0x69,0x6f,0x6e,0x3d,0x22,0x30,
  0x2c,0x2d,0x31,0x22,0xa,0x20,0x20,0x20,0x20,0x20,0x20,0x20,0x69,0x64,0x3d,0x22,
  0x67,0x75,0x69,0x64,0x65,0x36,0x22,0xa,0x20,0x20,0x20,0x20,0x20,0x20,0x20,0x69,
  0x6e,0x6b,0x73,0x63,0x61,0x70,0x65,0x3a,0x6c,0x6f,0x63,0x6b,0x65,0x64,0x3d,0x22,
  0x66,0x61,0x6c,0x73,0x65,0x22,0x20,0x2f,0x3e,0xa,0x20,0x20,0x3c,0x2f,0x73,0x6f,
  0x64,0x69,0x70,0x6f,0x64,0x69,0x3a,0x6e,0x61,0x6d,0x65,0x64,0x76,0x69,0x65,0x77,
  0x3e,0xa,0x20,0x20,0x3c,0x64,0x65,0x66,0x73,0xa,0x20,0x20,0x20,0x20,0x20,0x69,
  0x64,0x3d,0x22,0x64,0x65,0x66,0x73,0x31,0x22,0x3e,0xa,0x20,0x20,0x20,0x20,0x3c,
  0x69,0x6e,0x6b,0x73,0x63,0x61,0x70,0x65,0x3a,0x70,0x61,0x74,0x68,0x2d,0x65,0x66,
  0x66,0x65,0x63,0x74,0xa,0x20,0x20,0x20,0x20,0x20,0x20,0x20,0x65,0x66,0x66,0x65,
  0x63,0x74,0x3d,0x22,0x73,0x70,0x69,0x72,0x6f,0x22,0xa,0x20,0x20,0x20,0x20,0x20,
  0x20,0x20,0x69,0x64,0x3d,0x22,0x70,0x61,0x74,0x68,0x2d,0x65,0x66,0x66,0x65,0x63,
  0x74,0x33,0x22,0xa,0x20,0x20,0x20,0x20,0x20,0x20,0x20,0x69,0x73,0x5f,0x76,0x69,
  0x73,0x69,0x62,0x6c,0x65,0x3d,0x22,0x74,0x72,0x75,0x65,0x22,0xa,0x20,0x20,0x20,
  0x20,0x20,0x20,0x20,0x6c,0x70,0x65,0x76,0x65,0x72,0x73,0x69,0x6f,0x6e,0x3d,0x22,
  0x31,0x22,0x20,0x2f,0x3e,0xa,0x20,0x20,0x20,0x20,0x3c,0x69,0x6e,0x6b,0x73,0x63,
  0x61,0x70,0x65,0x3a,0x70,0x61,0x74,0x68,0x2d,0x65,0x66,0x66,0x65,0x63,0x74,0xa,
  0x20,0x20,0x20,0x20,0x20,0x20,0x20,0x65,0x66,0x66,0x65,0x63,0x74,0x3d,0x22,0x73,
  0x70,0x69,0x72,0x6f,0x22,0xa,0x20,0x20,0x20,0x20,0x20,0x20,0x20,0x69,0x64,0x3d,
  0x22,0x70,0x61,0x74,0x68,0x2d,0x65,0x66,0x66,0x65,0x63,0x74,0x32,0x22,0xa,0x20,
  0x20,0x20,0x20,0x20,0x20,0x20,0x69,0x73,0x5f,0x76,0x69,0x73,0x69,0x62,0x6c,0x65,
  0x3d,0x22,0x74,0x72,0x75,0x65,0x22,0xa,0x20,0x20,0x20,0x20,0x20,0x20,0x20,0x6c,
  0x70,0x65,0x76,0x65,0x72,0x73,0x69,0x6f,0x6e,0x3d,0x22,0x31,0x22,0x20,0x2f,0x3e,
  0xa,0x20,0x20,0x20,0x20,0x3c,0x69,0x6e,0x6b,0x73,0x63,0x61,0x70,0x65,0x3a,0x70,
  0x61,0x74,0x68,0x2d,0x65,0x66,0x66,0x65,0x63,0x74,0xa,0x20,0x20,0x20,0x20,0x20,
  0x20,0x20,0x65,0x66,0x66,0x65,0x63,0x74,0x3d,0x22,0x73,0x70,0x69,0x72,0x6f,0x22,
  0xa,0x20,0x20,0x20,0x20,0x20,0x20,0x20,0x69,0x64,0x3d,0x22,0x70,0x61,0x74,0x68,
  0x2d,0x65,0x66,0x66,0x65,0x63,0x74,0x31,0x22,0xa,0x20,0x20,0x20,0x20,0x20,0x20,
  0x20,0x69,0x73,0x5f,0x76,0x69,0x73,0x69,0x62,0x6c,0x65,0x3d,0x22,0x74,0x72,0x75,
  0x65,0x22,0xa,0x20,0x20,0x20,0x20,0x20,0x20,0x20,0x6c,0x70,0x65,0x76,0x65,0x72,
  0x73,0x69,0x6f,0x6e,0x3d,0x22,0x31,0x22,0x20,0x2f,0x3e,0xa,0x20,0x20,0x20,0x20,
  0x3c,0x6c,0x69,0x6e,0x65,0x61,0x72,0x47,0x72,0x61,0x64,0x69,0x65,0x6e,0x74,0xa,
  0x20,0x20,0x20,0x20,0x20,0x20,0x20,0x69,0x64,0x3d,0x22,0x73,0x77,0x61,0x74,0x63,
  0x68,0x32,0x38,0x22,0x3e,0xa,0x20,0x20,0x20,0x20,0x20,0x20,0x3c,0x73,0x74,0x6f,
  0x70,0xa,0x20,0x20,0x20,0x20,0x20,0x20,0x20,0x20,0x20,0x73,0x74,0x79,0x6c,0x65,
  0x3d,0x22,0x73,0x74,0x6f,0x70,0x2d,0x63,0x6f,0x6c,0x6f,0x72,0x3a,0x23,0x30,0x30,
  0x30,0x30,0x30,0x30,0x3b,0x73,0x74,0x6f,0x70,0x2d,0x6f,0x70,0x61,0x63,0x69,0x74,
  0x79,0x3a,0x31,0x3b,0x22,0xa,0x20,0x20,0x20,0x20,0x20,0x20,0x20,0x20,0x20,0x6f,
  0x66,0x66,0x73,0x65,0x74,0x3d,0x22,0x30,0x22,0xa,0x20,0x20,0x20,0x20,0x20,0x20,
  0x20,0x20,0x20,0x69,0x64,0x3d,0x22,0x73,0x74,0x6f,0x70,0x32,0x38,0x22,0x20,0x2f,
  0x3e,0xa,0x20,0x20,0x20,0x20,0x3c,0x2f,0x6c,0x69,0x6e,0x65,0x61,0x72,0x47,0x72,
  0x61,0x64,0x69,0x65,0x6e,0x74,0x3e,0xa,0x20,0x20,0x20,0x20,0x3c,0x69,0x6e,0x6b,
  0x73,0x63,0x61,0x70,0x65,0x3a,0x70,0x65,0x72,0x73,0x70,0x65,0x63,0x74,0x69,0x76,
  0x65,0xa,0x20,0x20,0x20,0x20,0x20,0x20,0x20,0x73,0x6f,0x64,0x69,0x70,0x6f,0x64,
  0x69,0x3a,0x74,0x79,0x70,0x65,0x3d,0x22,0x69,0x6e,0x6b,0x73,0x63,0x61,0x70,0x65,
  0x3a,0x70,0x65,0x72,0x73,0x70,0x33,0x64,0x22,0xa,0x20,0x20,0x20,0x20,0x20,0x20,
  0x20,0x69,0x6e,0x6b,0x73,0x63,0x61,0x70,0x65,0x3a,0x76,0x70,0x5f,0x78,0x3d,0x22,
  0x2d,0x32,0x34,0x2e,0x30,0x31,0x31,0x35,0x37,0x36,0x20,0x3a,0x20,0x31,0x34,0x2e,
  0x30,0x32,0x31,0x33,0x34,0x33,0x20,0x3a,0x20,0x31,0x22,0xa,0x20,0x20,0x20,0x20,
  0x20,0x20,0x20,0x69,0x6e,0x6b,0x73,0x63,0x61,0x70,0x65,0x3a,0x76,0x70,0x5f,0x79,
  0x3d,0x22,0x30,0x20,0x3a,0x20,0x39,0x39,0x39,0x2e,0x39,0x39,0x39,0x39,0x38,0x20,
  0x3a,0x20,0x30,0x22,0xa,0x20,0x20,0x20,0x20,0x20,0x20,0x20,0x69,0x6e,0x6b,0x73,
  0x63,0x61,0x70,0x65,0x3a,0x76,0x70,0x5f,0x7a,0x3d,0x22,0x33,0x31,0x2e,0x34,0x38,
  0x34,0x39,0x31,0x20,0x3a,0x20,0x31,0x35,0x2e,0x37,0x37,0x39,0x35,0x35,0x39,0x20,
  0x3a,0x20,0x31,0x22,0xa,0x20,0x20,0x20,0x20,0x20,0x20,0x20,0x69,0x6e,0x6b,0x73,
  0x63,0x61,0x70,0x65,0x3a,0x70,0x65,0x72,0x73,0x70,0x33,0x64,0x2d,0x6f,0x72,0x69,
  0x67,0x69,0x6e,0x3d,0x22,0x31,0x30,0x35,0x20,0x3a,0x20,0x2d,0x31,0x38,0x35,0x2e,
  0x33,0x20,0x3a,0x20,0x31,0x22,0xa,0x20,0x20,0x20,0x20,0x20,0x20,0x20,0x69,0x64,
  0x3d,0x22,0x70,0x65,0x72,0x73,0x70,0x65,0x63,0x74,0x69,0x76,0x65,0x31,0x22,0x20,
  0x2f,0x3e,0xa,0x20,0x20,0x3c,0x2f,0x64,0x65,0x66,0x73,0x3e,0xa,0x20,0x20,0x3c,
  0x67,0xa,0x20,0x20,0x20,0x20,0x20,0x69,0x6e,0x6b,0x73,0x63,0x61,0x70,0x65,0x3a,
  0x6c,0x61,0x62,0x65,0x6c,0x3d,0x22,0x4c,0x61,0x79,0x65,0x72,0x20,0x31,0x22,0xa,
  0x20,0x20,0x20,0x20,0x20,0x69,0x6e,0x6b,0x73,0x63,0x61,0x70,0x65,0x3a,0x67,0x72,
  0x6f,0x75,0x70,0x6d,0x6f,0x64,0x65,0x3d,0x22,0x6c,0x61,0x79,0x65,0x72,0x22,0xa,
  0x20,0x20,0x20,0x20,0x20,0x69,0x64,0x3d,0x22,0x6c,0x61,0x79,0x65,0x72,0x31,0x22,
  0x3e,0xa,0x20,0x20,0x20,0x20,0x3c,0x70,0x61,0x74,0x68,0xa,0x20,0x20,0x20,0x20,
  0x20,0x20,0x20,0x73,0x74,0x79,0x6c,0x65,0x3d,0x22,0x66,0x69,0x6c,0x6c,0x3a,0x23,
  0x30,0x63,0x38,0x61,0x30,0x30,0x3b,0x66,0x69,0x6c,0x6c,0x2d,0x6f,0x70,0x61,0x63,
  0x69,0x74,0x79,0x3a,0x31,0x3b,0x73,0x74,0x72,0x6f,0x6b,0x65,0x3a,0x23,0x33,0x33,
  0x38,0x30,0x30,0x30,0x3b,0x73,0x74,0x72,0x6f,0x6b,0x65,0x2d,0x77,0x69,0x64,0x74,
  0x68,0x3a,0x31,0x2e,0x30,0x38,0x35,0x33,0x31,0x3b,0x73,0x74,0x72,0x6f,0x6b,0x65,
  0x2d,0x64,0x61,0x73,0x68,0x61,0x72,0x72,0x61,0x79,0x3a,0x6e,0x6f,0x6e,0x65,0x3b,
  0x73,0x74,0x72,0x6f,0x6b,0x65,0x2d,0x6f,0x70,0x61,0x63,0x69,0x74,0x79,0x3a,0x31,
  0x22,0xa,0x20,0x20,0x20,0x20,0x20,0x20,0x20,0x64,0x3d,0x22,0x4d,0x20,0x30,0x2e,
  0x35,0x30,0x34,0x39,0x33,0x32,0x37,0x32,0x2c,0x38,0x2e,0x35,0x32,0x33,0x33,0x39,
  0x32,0x33,0x20,0x31,0x30,0x2e,0x36,0x38,0x36,0x37,0x36,0x35,0x2c,0x32,0x2e,0x31,
  0x36,0x38,0x32,0x36,0x31,0x37,0x22,0xa,0x20,0x20,0x20,0x20,0x20,0x20,0x20,0x69,
  0x64,0x3d,0x22,0x70,0x61,0x74,0x68,0x32,0x2d,0x38,0x2d,0x31,0x22,0x20,0x2f,0x3e,
  0xa,0x20,0x20,0x20,0x20,0x3c,0x70,0x61,0x74,0x68,0xa,0x20,0x20,0x20,0x20,0x20,
  0x20,0x20,0x73,0x74,0x79,0x6c,0x65,0x3d,0x22,0x66,0x69,0x6c,0x6c,0x3a,0x23,0x30,
  0x63,0x38,0x61,0x30,0x30,0x3b,0x66,0x69,0x6c,0x6c,0x2d,0x6f,0x70,0x61,0x63,0x69,
  0x74,0x79,0x3a,0x31,0x3b,0x73,0x74,0x72,0x6f,0x6b,0x65,0x3a,0x23,0x33,0x33,0x38,
  0x30,0x30,0x30,0x3b,0x73,0x74,0x72,0x6f,0x6b,0x65,0x2d,0x77,0x69,0x64,0x74,0x68,
  0x3a,0x31,0x2e,0x30,0x38,0x35,0x33,0x31,0x3b,0x73,0x74,0x72,0x6f,0x6b,0x65,0x2d,
  0x64,0x61,0x73,0x68,0x61,0x72,0x72,0x61,0x79,0x3a,0x6e,0x6f,0x6e,0x65,0x3b,0x73,
  0x74,0x72,0x6f,0x6b,0x65,0x2d,0x6f,0x70,0x61,0x63,0x69,0x74,0x79,0x3a,0x31,0x22,
  0xa,0x20,0x20,0x20,0x20,0x20,0x20,0x20,0x64,0x3d,0x22,0x4d,0x20,0x32,0x2e,0x34,
  0x37,0x39,0x34,0x34,0x38,0x36,0x2c,0x31,0x31,0x2e,0x39,0x38,0x30,0x33,0x20,0x31,
  0x32,0x2e,0x36,0x36,0x31,0x32,0x38,0x31,0x2c,0x35,0x2e,0x36,0x32,0x35,0x31,0x36,
  0x39,0x34,0x22,0xa,0x20,0x20,0x20,0x20,0x20,0x20,0x20,0x69,0x64,0x3d,0x22,0x70,
  0x61,0x74,0x68,0x32,0x2d,0x38,0x2d,0x31,0x2d,0x38,0x22,0x20,0x2f,0x3e,0xa,0x20,
  0x20,0x3c,0x2f,0x67,0x3e,0xa,0x3c,0x2f,0x73,0x76,0x67,0x3e,0xa,
    // sketch_constraint_resolve.svg
  0x0,0x0,0x7,0x1a,
  0x28,
  0xb5,0x2f,0xfd,0x60,0x5c,0x17,0x85,0x38,0x0,0x1a,0x51,0xfc,0xd,0x28,0x0,0x8b,
  0x88,0x1b,0x7b,0x70,0xaf,0xa8,0x5b,0xa8,0x2e,0x54,0xb7,0xfd,0x43,0xa2,0xc,0xf6,
  0x76,0xbf,0xff,0xf7,0x99,0x4a,0x5c,0x92,0x94,0xdc,0x94,0x44,0x52,0x94,0xb,0x36,
  0xf1,0xff,0x4f,0xfd,0xe1,0x5,0xf6,0x0,0xe3,0x0,0xbd,0x0,0x6b,0x82,0x60,0x24,
  0xa2,0x89,0xea,0x40,0x48,0xd0,0x89,0x98,0xf8,0x10,0x41,0x88,0x6,0x3e,0x9a,0x5c,
  0x85,0x31,0x89,0xe,0xf3,0x90,0x26,0xf1,0x21,0xf5,0xb2,0x54,0x18,0x13,0xd3,0x13,
  0x33,0x82,0x4e,0x14,0x1f,0x1a,0x1,0x14,0x46,0x14,0x21,0xb1,0x81,0xe,0x46,0xa2,
  0xa8,0xc3,0xd0,0xa0,0xc8,0xcc,0x6d,0x13,0x67,0x72,0x58,0xae,0x3,0xd,0xe,0x28,
  0x26,0x8,0x31,0xd8,0x80,0x4d,0x14,0x11,0x25,0xa6,0x90,0x60,0xc3,0x48,0xa4,0x85,
  0x4,0x31,0x28,0x1,0x89,0x12,0x8c,0x1c,0x26,0xe8,0x61,0xa2,0x49,0x82,0x62,0xe3,
  0xf0,0x68,0x26,0x8,0x1,0x23,0xc,0xd4,0x44,0x67,0x21,0x91,0x16,0x9a,0xae,0xce,
  0xd5,0x9b,0xab,0x16,0x6e,0xfc,0x36,0x6e,0x28,0xa8,0x65,0xbc,0x50,0x18,0xce,0xa3,
  0xcf,0x56,0x55,0xaa,0x54,0x18,0x10,0x62,0x81,0x9,0x7c,0x24,0xa6,0x87,0xe3,0x81,
  0xf,0xc5,0xb1,0xc2,0x78,0x4c,0x8e,0x52,0x9,0xe,0x9,0x89,0x21,0x21,0xa1,0x61,
  0x2d,0xb5,0xa0,0x70,0x44,0x91,0x3d,0x6c,0x32,0x99,0x28,0x14,0xb,0xc9,0x34,0x3d,
  0x14,0x14,0x94,0x30,0x8d,0x4,0x1,0x29,0x50,0x8f,0xe9,0x99,0x28,0x7,0x4e,0xc,
  0x8c,0xc,0xa8,0xb5,0x0,0x30,0x24,0x34,0xc,0x50,0x22,0xa4,0x30,0x20,0x14,0x21,
  0x8c,0x3,0x31,0x93,0xa4,0x14,0xb7,0x10,0x34,0x70,0xa0,0x30,0x1c,0xd0,0xe3,0xc4,
  0x6,0x82,0x4a,0x49,0xa6,0xa,0x3,0x8a,0x8f,0x14,0x41,0x9,0x5,0x89,0x40,0x18,
  0xc0,0x10,0x13,0x3,0x69,0xf4,0x4,0x13,0x45,0x8c,0xa3,0x99,0xed,0x8d,0xe5,0x2,
  0x42,0x11,0x5a,0x40,0x88,0x28,0xa0,0x19,0x87,0x21,0x90,0xa7,0xc1,0x4c,0x92,0xe3,
  0xc4,0x88,0x24,0x22,0x46,0xe,0xb5,0x40,0x61,0x40,0xe0,0x3,0xa3,0xac,0x9d,0xae,
  0xce,0xc7,0xb1,0x5e,0xf7,0xfb,0x67,0xad,0x8f,0x1d,0x33,0x6d,0xa,0x23,0x42,0xba,
  0xc7,0xde,0x7b,0x8d,0x9b,0xae,0xaa,0x85,0xf2,0x6f,0xd5,0x64,0xbc,0xcb,0x41,0x22,
  0xe1,0xb4,0x89,0x49,0xe2,0x91,0x28,0x26,0x28,0x35,0x1a,0x51,0x11,0xa0,0xb,0x1,
  0x8b,0x35,0x31,0x49,0xe2,0xe4,0xf6,0xd1,0x4c,0xcc,0x44,0x72,0x98,0x28,0x41,0xc4,
  0x40,0xe8,0x81,0xe8,0x42,0x9,0x4,0x42,0x1e,0x1e,0xe9,0x91,0x70,0x90,0x5a,0x8c,
  0x1e,0xc9,0xd4,0xc0,0x46,0x3,0xae,0xc7,0xa4,0x52,0x3,0x3a,0xa,0x85,0x52,0xa0,
  0x4,0x61,0x1a,0x10,0x4d,0x84,0xb8,0xae,0x25,0x99,0x27,0x8a,0x8a,0x6b,0xbe,0xca,
  0xf4,0x77,0x71,0xde,0x32,0xd9,0xdb,0xe9,0x91,0xe2,0x2e,0x77,0xc0,0x9,0x6,0x12,
  0x45,0x11,0xd,0x8c,0xf0,0x44,0x1e,0x8,0x4c,0x64,0xb9,0x5f,0x75,0xb5,0xd9,0x75,
  0x4d,0xa2,0x3,0x3d,0x93,0xf7,0x8d,0xb3,0x99,0xaa,0x76,0x37,0x76,0xcc,0xb7,0x69,
  0xbe,0xac,0xcb,0x9c,0xc2,0x88,0xc4,0x18,0x1,0x46,0x44,0x13,0x74,0x9e,0x8,0x47,
  0x24,0x32,0x3d,0x50,0x44,0xca,0xeb,0x5e,0xdb,0xf7,0x5e,0x66,0x33,0x4c,0x5b,0x70,
  0xff,0xb6,0xd9,0xea,0xf2,0xb8,0x59,0x3d,0xd9,0x2a,0x40,0x77,0x2c,0xfc,0x7a,0xbe,
  0xe5,0xb5,0x3f,0xff,0x32,0xce,0xa5,0xb5,0x74,0xb9,0xcd,0x59,0x2a,0x40,0x78,0xa2,
  0x89,0xd9,0xf7,0x57,0x6d,0x3a,0xe1,0xda,0xcd,0x5f,0x67,0x4,0x9b,0x15,0x89,0x62,
  0x43,0x9a,0x22,0x28,0x7e,0xcf,0x97,0xde,0xfc,0xcd,0xa5,0x71,0xdb,0x76,0xee,0xb,
  0xa7,0x3f,0x33,0xe7,0xeb,0xe7,0x2e,0xac,0xb6,0x7f,0xb5,0x93,0x35,0xdf,0xad,0xfb,
  0xbf,0xa6,0xfe,0x5c,0x9d,0xab,0xa7,0xb9,0xff,0x5e,0xdf,0x35,0xe7,0xd3,0xf6,0x92,
  0x17,0x7f,0x4e,0x55,0xff,0x9c,0xb2,0x5c,0x4b,0xbf,0x67,0xd7,0xed,0x7d,0xd9,0xcf,
  0xd4,0xa5,0xda,0xb7,0xd3,0x9b,0xe9,0xc2,0xc9,0xfb,0x4b,0x39,0x6e,0x6f,0x59,0x2e,
  0xdd,0x54,0xe9,0x3e,0xb6,0x6b,0xd9,0x6c,0xcf,0xcb,0x5e,0x45,0x98,0x84,0xf8,0xfd,
  0xbf,0xf5,0xee,0xf7,0x1c,0xbb,0x3a,0x22,0x46,0xfd,0xbf,0x2d,0xa7,0x73,0xcf,0x39,
  0x63,0x85,0xa1,0x91,0x2e,0xb7,0xf6,0xac,0x57,0x6b,0x7d,0xa9,0xcd,0xda,0x4b,0xce,
  0x23,0x5,0x9,0xd,0xe,0x9,0x49,0xc1,0xe0,0x6b,0xad,0xb7,0xfe,0x33,0x5d,0xf2,
  0x9f,0x7b,0x77,0xda,0xd2,0xe9,0x14,0xa3,0xe5,0x80,0xa0,0x24,0x3a,0xe5,0xf6,0x99,
  0xfc,0x8f,0xb3,0x9b,0xbd,0xd2,0x54,0x8b,0x22,0xa0,0xb8,0xfd,0x97,0xbd,0xd5,0xb4,
  0x7b,0x76,0x9b,0x8e,0x41,0x70,0xd3,0x35,0xb9,0x59,0xbf,0x7e,0x6e,0xdb,0x59,0xb7,
  0xeb,0x7d,0x8f,0xf1,0x6a,0xda,0xde,0xd6,0x59,0x6b,0x22,0xc6,0x7b,0x5f,0xf5,0x31,
  0xec,0xb9,0xfb,0xce,0x7e,0x2d,0xed,0xb4,0xb5,0xe6,0xd8,0x2f,0xed,0xfa,0xd5,0xfb,
  0x35,0x5f,0xce,0xb7,0x6c,0x6b,0x73,0x75,0xe6,0xc6,0xdc,0xdf,0x26,0xde,0xaf,0xba,
  0xaa,0x66,0x3e,0x50,0xee,0x78,0xfd,0xe5,0xeb,0xf6,0xe6,0xdc,0xc6,0xeb,0x7e,0x1d,
  0x4b,0xc5,0x2d,0xdb,0x2d,0xaf,0xbd,0xec,0xfb,0xcd,0xbd,0x2d,0xfc,0xde,0xbc,0x1b,
  0x6b,0x4b,0xe9,0x4b,0x66,0xd7,0x8c,0x97,0xcd,0x6e,0x6e,0xdd,0x56,0xe6,0xcb,0xcb,
  0xd6,0xde,0x29,0xb3,0x5c,0x8a,0xc1,0x53,0x7f,0xe7,0xda,0x32,0x7b,0x2b,0xb7,0xb7,
  0xad,0xb9,0xf6,0x74,0xcc,0xf6,0x5d,0xf3,0xf6,0x13,0xba,0x1,0x81,0x92,0xa8,0x61,
  0xa9,0x42,0xca,0xcc,0x10,0x49,0x92,0x82,0x24,0x6d,0x6,0x41,0x8,0xc2,0x70,0xa4,
  0x84,0x8a,0x7a,0x3,0x92,0xc1,0x28,0x84,0x51,0x34,0x84,0x88,0x21,0x2,0x82,0x14,
  0x41,0x88,0x94,0xc4,0x48,0x40,0xe1,0x29,0x29,0x28,0xa4,0x3,0x12,0x42,0xa7,0x8c,
  0x7f,0x61,0x64,0xa4,0xba,0xe8,0x8b,0x45,0x85,0x55,0xa4,0x46,0xd1,0x50,0x26,0x5a,
  0x91,0x48,0xb2,0x88,0xae,0x40,0x34,0xd1,0x43,0x3c,0xf6,0x43,0xc3,0xf5,0x41,0xc,
  0xa1,0xa5,0xe5,0x7a,0x53,0xd8,0xc3,0x25,0xd4,0xc1,0x21,0x24,0x4c,0xe2,0xa0,0xdb,
  0xc,0x6a,0x57,0x10,0x36,0x82,0x4e,0x1b,0x68,0x99,0x40,0xd2,0x2,0xba,0xa,0xa0,
  0x70,0xff,0xa8,0xf2,0x67,0xb8,0x7e,0xaa,0x36,0xd5,0xbe,0xcf,0x51,0xfa,0x3c,0xe4,
  0x3,0x1c,0x16,0xa7,0x50,0x24,0xd7,0xb7,0x7,0xb9,0xa1,0xee,0xa5,0x15,0x4e,0xa3,
  0x57,0x87,0xaf,0xeb,0xc0,0x49,0x36,0xe2,0xda,0xd0,0xb6,0x69,0xa0,0xb8,0x45,0x43,
  0x17,0xed,0xaa,0xc6,0x65,0xae,0x41,0xe4,0x51,0xf,0xd5,0x4c,0x62,0xaf,0x63,0x3c,
  0x9a,0x54,0xf2,0xf,0x65,0xc7,0xe9,0x61,0x7a,0xb4,0x7e,0xa0,0xa6,0xf,0x65,0x26,
  0x7e,0x56,0x4b,0x2a,0xd2,0x48,0xf7,0x12,0xb7,0x78,0x28,0x36,0x2e,0xc2,0x8c,0x5a,
  0xc4,0x45,0xa8,0x38,0x46,0x28,0xcd,0x71,0x46,0x6a,0x67,0xb8,0x37,0x8b,0x79,0x3,
  0xab,0x92,0x8a,0xd4,0x5f,0x88,0x9c,0x1f,0xdc,0xb6,0xe4,0x70,0xe8,0x5c,0xb3,0x78,
  0x9e,0x58,0xae,0xea,0xb7,0x89,0xe,0x89,0x78,0x22,0xf1,0xfc,0x6e,0x1d,0xc,0x16,
  0x14,0xc6,0x32,0xdc,0x57,0x2d,0xb,0xd7,0xb0,0xe4,0xe0,0x56,0xc1,0xf9,0x61,0xbf,
  0xe0,0x94,0x56,0xd2,0x9d,0x68,0x68,0x81,0x38,0xd6,0x6e,0x6c,0x29,0x6c,0xa4,0x5e,
  0x1,0x91,0x9,0x8c,0x8e,0x40,0xd6,0xfb,0x55,0xe9,0xf,0x68,0xca,0xe,0xb0,0x59,
  0x19,0x6a,0xea,0x9c,0xdc,0xd5,0x12,0x25,0xa,0xf0,0x79,0x48,0x2e,0x47,0xd0,0x8b,
  0x6c,0x83,0xe2,0x3,0x50,0x92,0x29,0xe0,0xfb,0x1,0x50,0x20,0x1d,0xc0,0xaa,0xfd,
  0x7f,0xe6,0x71,0xf9,0x45,0x47,0x5,0x1,0x13,0xd8,0x88,0x40,0xa,0x17,0x4,0xb8,
  0x49,0x82,0x2f,0x54,0xf6,0x67,0x79,0xd1,0xb9,0xaa,0xe7,0xa8,0xd5,0x48,0xb6,0x58,
  0x5c,0xa0,0x72,0x45,0xe7,0xb9,0x6c,0x4a,0xa2,0x47,0x9c,0x26,0xf8,0x77,0xa5,0x5,
  0xa9,0x2b,0x19,0xd2,0x4a,0x90,0x81,0x45,0xf7,0xb7,0xe,0x2a,0xdb,0xa1,0xd0,0x57,
  0x38,0xe6,0x26,0xb1,0x7b,0x6,0xef,0xd3,0x2,0xab,0x4b,0x63,0x9,0x71,0xb6,0x21,
  0x8f,0xd6,0x6b,0xa9,0x55,0x6,0x76,0x1b,0x19,0xb7,0x3d,0x89,0x49,0xaa,0xe0,0x38,
  0xd6,0x38,0xc5,0xa5,0x78,0xaa,0x65,0xed,0xab,0xfa,0xe7,0xe0,0x72,0xa3,0x90,0x6c,
  0xf7,0xbf,0x65,0x8e,0x43,0xcd,0xd5,0x1b,0xe0,0xe,0x49,0xe2,0xef,0x96,0x82,0x30,
  0x1d,0xb0,0xa7,0xbd,0xbf,0xf7,0xe6,0x9a,0xfd,0x3f,0x1b,0x91,0xfa,0xba,0xd8,0x8d,
  0x5b,0x79,0xc,0xb0,0xf0,0xd8,0x77,0x63,0x44,0x23,0x7,0x92,0xd,0xa,0xe9,0xa3,
  0x1e,0xf4,0xfa,0xbd,0x1c,0x7a,0x84,0x62,0x9c,0xb0,0x15,0xd7,0x81,0xe,0x4b,0x32,
  0x66,0xe0,0x4d,0x5f,0xaa,0x57,0xf3,0x2c,0x5a,0x73,0xd3,0x7d,0xe8,0xf,0xb0,0xe4,
  0xb0,0x1e,0x21,0xf1,0x2,0x8a,0xdb,0x31,0xb5,0x1d,0xdd,0x34,0x68,0x9e,0xda,0xac,
  0x39,0x32,0x49,0x50,0x4b,0x13,0xbf,0x51,0x4e,0x9e,0x50,0xdd,0xcd,0x80,0xf7,0x25,
  0xad,0x7b,0x34,0x11,0x5b,0x24,0xff,0x35,0x75,0x61,0x81,0xe3,0x71,0xb6,0xaa,0x68,
  0x29,0xbf,0xc6,0xd3,0xd7,0xe2,0x4a,0x8,0x6a,0x11,0xdb,0xc5,0x5,0xe,0x3c,0xf0,
  0x1b,0x74,0xad,0xc6,0x2e,0xe0,0x78,0x37,0x9b,0xa3,0xac,0x16,0x40,0xb9,0xec,0x4c,
  0xcc,0xba,0x79,0x34,0x38,0x3,0xfd,0x8d,0x19,0x3c,0x15,0x5,0xa6,0xa9,0x9d,0x11,
  0xb4,0xb0,0x6a,0xff,0xbe,0x2,0x4d,0x1f,0xdd,0xd8,0x37,0x84,0x6e,0x55,0x0,0xf2,
  0x38,0x3c,0x6,0x92,0x87,0x5e,0xcf,0x1a,0xb5,0x3f,0x5a,0xfe,0x38,0x4f,0x1e,0x89,
  0x28,0x58,0x9f,0x3d,0xb7,0x85,0x7b,0xa7,0x4d,0xbe,0xc0,0xcb,0xdf,0x64,0x31,0x86,
  0x34,0x3e,0xf2,0x99,0x39,0x4,0xfb,0x48,0x66,0xd2,0x60,0xd7,0xd8,0x36,0x78,0x53,
  0x2d,0xfa,0xe8,0x69,0x22,0xcb,0xb5,0x83,0xb9,0x15,0x93,0x23,0xcc,0x71,0xb,0x52,
  0x45,0x42,0xd4,0x2d,0x3b,0xd5,0xa8,0x9,0x42,0x17,0x2f,0x3b,0x97,0x89,0x84,0x13,
  0xcc,0x44,0x5d,0xbc,0xc8,0xf4,0xd,0xf1,0xe1,0x4b,0x2e,0x96,0xd0,0xe2,0x75,0x17,
  0xb3,0x6d,0x78,0x76,0x16,0x59,0x1,0x33,0xde,0xcc,0x10,0x21,0x4e,0xda,0xcc,0xef,
  0x14,0xe0,0x8a,0xae,0xd0,0x9,0x85,0xb4,0x98,0xba,0x15,0x2,0xcb,0x35,0x4d,0x48,
  0x58,0xd4,0xe1,0x56,0x20,0xb6,0x28,0x2c,0x23,0x54,0xce,0xf8,0x54,0x8c,0x32,0x56,
  0xaf,0xe4,0xa6,0x74,0x7d,0x53,0x1a,0xfe,0x8a,0x7,0xd0,0x92,0x91,0x6a,0xde,0xc5,
  0xbc,0x24,0xd7,0x29,0x2d,0xfa,0xd1,0x2a,0xf,0x44,0x8e,0x81,0x5d,0x22,0xe0,0xa,
  0x71,0xc0,0xf0,0x37,0x6b,0x67,0x3a,0xc4,0x3e,0xef,0xc5,0xf,0x5,0xce,0xbe,0xad,
  0x3d,0x60,0x2a,0xb0,0xac,0xef,0xb6,0x5,0x82,0x9a,0xe2,0xc9,0x60,0x85,0x51,0x38,
  0xb9,0x0,0xbf,0xbf,0xe9,0xf0,0x17,0x16,0x9f,0xba,0xdc,0x1e,0x55,0x92,0xf5,0xf6,
  0xdd,0x34,0x70,0x68,0xa4,0x3e,0x5,0x1d,0xc5,0x4,0x6f,0xe7,0x51,0x45,0x92,0x2,
  0xb7,0x1e,0x5,0xe4,0x5e,0x17,0x11,0x12,0xbd,0x42,0x7c,0xf8,0x16,0x92,0x17,0x9c,
  0xc3,0x86,0xe6,0xff,0xf4,0x43,0xfa,0x50,0x5,
  
};

static const unsigned char qt_resource_name[] = {
  // icons
  0x0,0x5,
  0x0,0x6f,0xa6,0x53,
  0x0,0x69,
  0x0,0x63,0x0,0x6f,0x0,0x6e,0x0,0x73,
    // sketch_rectangle_center.svg
  0x0,0x1b,
  0x4,0x4d,0xed,0x67,
  0x0,0x73,
  0x0,0x6b,0x0,0x65,0x0,0x74,0x0,0x63,0x0,0x68,0x0,0x5f,0x0,0x72,0x0,0x65,0x0,0x63,0x0,0x74,0x0,0x61,0x0,0x6e,0x0,0x67,0x0,0x6c,0x0,0x65,0x0,0x5f,
  0x0,0x63,0x0,0x65,0x0,0x6e,0x0,0x74,0x0,0x65,0x0,0x72,0x0,0x2e,0x0,0x73,0x0,0x76,0x0,0x67,
    // sketch_select.svg
  0x0,0x11,
  0x9,0x2,0x10,0x27,
  0x0,0x73,
  0x0,0x6b,0x0,0x65,0x0,0x74,0x0,0x63,0x0,0x68,0x0,0x5f,0x0,0x73,0x0,0x65,0x0,0x6c,0x0,0x65,0x0,0x63,0x0,0x74,0x0,0x2e,0x0,0x73,0x0,0x76,0x0,0x67,
  
    // extrude_01_opt.svg
  0x0,0x12,
  0x8,0x2d,0xd2,0x47,
  0x0,0x65,
  0x0,0x78,0x0,0x74,0x0,0x72,0x0,0x75,0x0,0x64,0x0,0x65,0x0,0x5f,0x0,0x30,0x0,0x31,0x0,0x5f,0x0,0x6f,0x0,0x70,0x0,0x74,0x0,0x2e,0x0,0x73,0x0,0x76,
  0x0,0x67,
    // extrude_new_1.svg
  0x0,0x11,
  0xb,0xc9,0xfd,0x27,
  0x0,0x65,
  0x0,0x78,0x0,0x74,0x0,0x72,0x0,0x75,0x0,0x64,0x0,0x65,0x0,0x5f,0x0,0x6e,0x0,0x65,0x0,0x77,0x0,0x5f,0x0,0x31,0x0,0x2e,0x0,0x73,0x0,0x76,0x0,0x67,
  
    // sketch_constraint_perpendicular.svg
  0x0,0x23,
  0x3,0x55,0x97,0x47,
  0x0,0x73,
  0x0,0x6b,0x0,0x65,0x0,0x74,0x0,0x63,0x0,0x68,0x0,0x5f,0x0,0x63,0x0,0x6f,0x0,0x6e,0x0,0x73,0x0,0x74,0x0,0x72,0x0,0x61,0x0,0x69,0x0,0x6e,0x0,0x74,
  0x0,0x5f,0x0,0x70,0x0,0x65,0x0,0x72,0x0,0x70,0x0,0x65,0x0,0x6e,0x0,0x64,0x0,0x69,0x0,0x63,0x0,0x75,0x0,0x6c,0x0,0x61,0x0,0x72,0x0,0x2e,0x0,0x73,
  0x0,0x76,0x0,0x67,
    // referentiel_1_opt.svg
  0x0,0x15,
  0xa,0xd2,0xc4,0xc7,
  0x0,0x72,
  0x0,0x65,0x0,0x66,0x0,0x65,0x0,0x72,0x0,0x65,0x0,0x6e,0x0,0x74,0x0,0x69,0x0,0x65,0x0,0x6c,0x0,0x5f,0x0,0x31,0x0,0x5f,0x0,0x6f,0x0,0x70,0x0,0x74,
  0x0,0x2e,0x0,0x73,0x0,0x76,0x0,0x67,
    // sketch_constraint_horizontal.svg
  0x0,0x20,
  0x7,0xcf,0xec,0x47,
  0x0,0x73,
  0x0,0x6b,0x0,0x65,0x0,0x74,0x0,0x63,0x0,0x68,0x0,0x5f,0x0,0x63,0x0,0x6f,0x0,0x6e,0x0,0x73,0x0,0x74,0x0,0x72,0x0,0x61,0x0,0x69,0x0,0x6e,0x0,0x74,
  0x0,0x5f,0x0,0x68,0x0,0x6f,0x0,0x72,0x0,0x69,0x0,0x7a,0x0,0x6f,0x0,0x6e,0x0,0x74,0x0,0x61,0x0,0x6c,0x0,0x2e,0x0,0x73,0x0,0x76,0x0,0x67,
    // sketch_rectangle_edges.svg
  0x0,0x1a,
  0x5,0x2e,0xd5,0xe7,
  0x0,0x73,
  0x0,0x6b,0x0,0x65,0x0,0x74,0x0,0x63,0x0,0x68,0x0,0x5f,0x0,0x72,0x0,0x65,0x0,0x63,0x0,0x74,0x0,0x61,0x0,0x6e,0x0,0x67,0x0,0x6c,0x0,0x65,0x0,0x5f,
  0x0,0x65,0x0,0x64,0x0,0x67,0x0,0x65,0x0,0x73,0x0,0x2e,0x0,0x73,0x0,0x76,0x0,0x67,
    // sketch_circle.svg
  0x0,0x11,
  0xc,0x87,0xe9,0x67,
  0x0,0x73,
  0x0,0x6b,0x0,0x65,0x0,0x74,0x0,0x63,0x0,0x68,0x0,0x5f,0x0,0x63,0x0,0x69,0x0,0x72,0x0,0x63,0x0,0x6c,0x0,0x65,0x0,0x2e,0x0,0x73,0x0,0x76,0x0,0x67,
  
    // sketch_constraint_distance.svg
  0x0,0x1e,
  0x9,0x9,0x9c,0x47,
  0x0,0x73,
  0x0,0x6b,0x0,0x65,0x0,0x74,0x0,0x63,0x0,0x68,0x0,0x5f,0x0,0x63,0x0,0x6f,0x0,0x6e,0x0,0x73,0x0,0x74,0x0,0x72,0x0,0x61,0x0,0x69,0x0,0x6e,0x0,0x74,
  0x0,0x5f,0x0,0x64,0x0,0x69,0x0,0x73,0x0,0x74,0x0,0x61,0x0,0x6e,0x0,0x63,0x0,0x65,0x0,0x2e,0x0,0x73,0x0,0x76,0x0,0x67,
    // sketch_new_1.svg
  0x0,0x10,
  0x8,0xa,0x14,0x67,
  0x0,0x73,
  0x0,0x6b,0x0,0x65,0x0,0x74,0x0,0x63,0x0,0x68,0x0,0x5f,0x0,0x6e,0x0,0x65,0x0,0x77,0x0,0x5f,0x0,0x31,0x0,0x2e,0x0,0x73,0x0,0x76,0x0,0x67,
    // sketch_constraint_vertical.svg
  0x0,0x1e,
  0x2,0x16,0xfd,0xa7,
  0x0,0x73,
  0x0,0x6b,0x0,0x65,0x0,0x74,0x0,0x63,0x0,0x68,0x0,0x5f,0x0,0x63,0x0,0x6f,0x0,0x6e,0x0,0x73,0x0,0x74,0x0,0x72,0x0,0x61,0x0,0x69,0x0,0x6e,0x0,0x74,
  0x0,0x5f,0x0,0x76,0x0,0x65,0x0,0x72,0x0,0x74,0x0,0x69,0x0,0x63,0x0,0x61,0x0,0x6c,0x0,0x2e,0x0,0x73,0x0,0x76,0x0,0x67,
    // sketch_2_opt.svg
  0x0,0x10,
  0x3,0x5d,0x95,0x27,
  0x0,0x73,
  0x0,0x6b,0x0,0x65,0x0,0x74,0x0,0x63,0x0,0x68,0x0,0x5f,0x0,0x32,0x0,0x5f,0x0,0x6f,0x0,0x70,0x0,0x74,0x0,0x2e,0x0,0x73,0x0,0x76,0x0,0x67,
    // sketch_line.svg
  0x0,0xf,
  0x9,0x16,0xfe,0xe7,
  0x0,0x73,
  0x0,0x6b,0x0,0x65,0x0,0x74,0x0,0x63,0x0,0x68,0x0,0x5f,0x0,0x6c,0x0,0x69,0x0,0x6e,0x0,0x65,0x0,0x2e,0x0,0x73,0x0,0x76,0x0,0x67,
    // sketch_constraint_parallel.svg
  0x0,0x1e,
  0x8,0x9e,0xf8,0x27,
  0x0,0x73,
  0x0,0x6b,0x0,0x65,0x0,0x74,0x0,0x63,0x0,0x68,0x0,0x5f,0x0,0x63,0x0,0x6f,0x0,0x6e,0x0,0x73,0x0,0x74,0x0,0x72,0x0,0x61,0x0,0x69,0x0,0x6e,0x0,0x74,
  0x0,0x5f,0x0,0x70,0x0,0x61,0x0,0x72,0x0,0x61,0x0,0x6c,0x0,0x6c,0x0,0x65,0x0,0x6c,0x0,0x2e,0x0,0x73,0x0,0x76,0x0,0x67,
    // sketch_constraint_resolve.svg
  0x0,0x1d,
  0x7,0x7a,0xc7,0x27,
  0x0,0x73,
  0x0,0x6b,0x0,0x65,0x0,0x74,0x0,0x63,0x0,0x68,0x0,0x5f,0x0,0x63,0x0,0x6f,0x0,0x6e,0x0,0x73,0x0,0x74,0x0,0x72,0x0,0x61,0x0,0x69,0x0,0x6e,0x0,0x74,
  0x0,0x5f,0x0,0x72,0x0,0x65,0x0,0x73,0x0,0x6f,0x0,0x6c,0x0,0x76,0x0,0x65,0x0,0x2e,0x0,0x73,0x0,0x76,0x0,0x67,
  
};

static const unsigned char qt_resource_struct[] = {
  // :
  0x0,0x0,0x0,0x0,0x0,0x2,0x0,0x0,0x0,0x1,0x0,0x0,0x0,0x1,
  // :/icons
  0x0,0x0,0x0,0x0,0x0,0x2,0x0,0x0,0x0,0x10,0x0,0x0,0x0,0x2,
  // :/icons/sketch_constraint_vertical.svg
  0x0,0x0,0x2,0x52,0x0,0x0,0x0,0x0,0x0,0x1,0x0,0x0,0x56,0xaa,
  // :/icons/sketch_constraint_perpendicular.svg
  0x0,0x0,0x0,0xc6,0x0,0x0,0x0,0x0,0x0,0x1,0x0,0x0,0x19,0x7,
  // :/icons/sketch_2_opt.svg
  0x0,0x0,0x2,0x94,0x0,0x0,0x0,0x0,0x0,0x1,0x0,0x0,0x61,0xdc,
  // :/icons/sketch_rectangle_center.svg
  0x0,0x0,0x0,0x10,0x0,0x4,0x0,0x0,0x0,0x1,0x0,0x0,0x0,0x0,
  // :/icons/sketch_rectangle_edges.svg
  0x0,0x0,0x1,0x88,0x0,0x4,0x0,0x0,0x0,0x1,0x0,0x0,0x36,0x9,
  // :/icons/sketch_constraint_resolve.svg
  0x0,0x0,0x3,0x20,0x0,0x4,0x0,0x0,0x0,0x1,0x0,0x0,0x76,0x21,
  // :/icons/sketch_constraint_horizontal.svg
  0x0,0x0,0x1,0x42,0x0,0x0,0x0,0x0,0x0,0x1,0x0,0x0,0x2a,0xd5,
  // :/icons/sketch_new_1.svg
  0x0,0x0,0x2,0x2c,0x0,0x4,0x0,0x0,0x0,0x1,0x0,0x0,0x4f,0x4a,
  // :/icons/extrude_01_opt.svg
  0x0,0x0,0x0,0x74,0x0,0x0,0x0,0x0,0x0,0x1,0x0,0x0,0xa,0x61,
  // :/icons/sketch_constraint_parallel.svg
  0x0,0x0,0x2,0xde,0x0,0x0,0x0,0x0,0x0,0x1,0x0,0x0,0x6b,0xbf,
  // :/icons/sketch_select.svg
  0x0,0x0,0x0,0x4c,0x0,0x4,0x0,0x0,0x0,0x1,0x0,0x0,0x4,0xfa,
  // :/icons/sketch_constraint_distance.svg
  0x0,0x0,0x1,0xea,0x0,0x0,0x0,0x0,0x0,0x1,0x0,0x0,0x40,0x3a,
  // :/icons/sketch_line.svg
  0x0,0x0,0x2,0xba,0x0,0x4,0x0,0x0,0x0,0x1,0x0,0x0,0x66,0x64,
  // :/icons/referentiel_1_opt.svg
  0x0,0x0,0x1,0x12,0x0,0x0,0x0,0x0,0x0,0x1,0x0,0x0,0x24,0x62,
  // :/icons/extrude_new_1.svg
  0x0,0x0,0x0,0x9e,0x0,0x4,0x0,0x0,0x0,0x1,0x0,0x0,0x11,0x89,
  // :/icons/sketch_circle.svg
  0x0,0x0,0x1,0xc2,0x0,0x4,0x0,0x0,0x0,0x1,0x0,0x0,0x3b,0x1f,

};

#ifdef QT_NAMESPACE
#  define QT_RCC_PREPEND_NAMESPACE(name) ::QT_NAMESPACE::name
#  define QT_RCC_MANGLE_NAMESPACE0(x) x
#  define QT_RCC_MANGLE_NAMESPACE1(a, b) a##_##b
#  define QT_RCC_MANGLE_NAMESPACE2(a, b) QT_RCC_MANGLE_NAMESPACE1(a,b)
#  define QT_RCC_MANGLE_NAMESPACE(name) QT_RCC_MANGLE_NAMESPACE2( \
        QT_RCC_MANGLE_NAMESPACE0(name), QT_RCC_MANGLE_NAMESPACE0(QT_NAMESPACE))
#else
#   define QT_RCC_PREPEND_NAMESPACE(name) name
#   define QT_RCC_MANGLE_NAMESPACE(name) name
#endif

#if defined(QT_INLINE_NAMESPACE)
inline namespace QT_NAMESPACE {
#elif defined(QT_NAMESPACE)
namespace QT_NAMESPACE {
#endif

bool qRegisterResourceData(int, const unsigned char *, const unsigned char *, const unsigned char *);
bool qUnregisterResourceData(int, const unsigned char *, const unsigned char *, const unsigned char *);

#if defined(__ELF__) || defined(__APPLE__)
static inline unsigned char qResourceFeatureZstd()
{
    extern const unsigned char qt_resourceFeatureZstd;
    return qt_resourceFeatureZstd;
}
#else
unsigned char qResourceFeatureZstd();
#endif

#ifdef QT_NAMESPACE
}
#endif

int QT_RCC_MANGLE_NAMESPACE(qInitResources_resources)();
int QT_RCC_MANGLE_NAMESPACE(qInitResources_resources)()
{
    int version = 1;
    QT_RCC_PREPEND_NAMESPACE(qRegisterResourceData)
        (version, qt_resource_struct, qt_resource_name, qt_resource_data);
    return 1;
}

int QT_RCC_MANGLE_NAMESPACE(qCleanupResources_resources)();
int QT_RCC_MANGLE_NAMESPACE(qCleanupResources_resources)()
{
    int version = 1;
    version += QT_RCC_PREPEND_NAMESPACE(qResourceFeatureZstd());
    QT_RCC_PREPEND_NAMESPACE(qUnregisterResourceData)
       (version, qt_resource_struct, qt_resource_name, qt_resource_data);
    return 1;
}

#ifdef __clang__
#   pragma clang diagnostic push
#   pragma clang diagnostic ignored "-Wexit-time-destructors"
#endif

namespace {
   struct initializer {
       initializer() { QT_RCC_MANGLE_NAMESPACE(qInitResources_resources)(); }
       ~initializer() { QT_RCC_MANGLE_NAMESPACE(qCleanupResources_resources)(); }
   } dummy;
}

#ifdef __clang__
#   pragma clang diagnostic pop
#endif
